ema9,ema21,rsi,ret,vol,target
88053.77702365367,88127.35589929589,39.36524366023489,-0.0004334692316927402,0.0006797512586717771,0
88067.06761892294,88126.70809026898,47.87295156833554,0.0014143861687896386,0.0007621974147201784,0
88059.04609513836,88117.6400820627,43.00338366075152,-0.0010584402696178774,0.0008351397407681329,0
88040.2688761107,88103.77825642064,40.093314162413485,-0.0007020576423405478,0.0008247582767847236,0
88017.51310088855,88087.66114220058,38.3447675201252,-0.0004396058621389809,0.0007627968912691462,0
87992.41248071085,88069.87467472779,36.803519999876315,-0.0003921457572115816,0.0007263490355992613,0
87963.93198456868,88049.88697702526,34.960175116502654,-0.0004778591364561491,0.0007149221750302555,0
87955.30558765495,88038.1517972957,40.38035764170857,0.000805805258303316,0.0007385701238519234,0
87950.95247012396,88028.64163390516,41.32800681835944,0.00014490314009862892,0.0007399162024045626,0
87940.76397609917,88016.94784900469,39.54639167559821,-0.00038131070351543617,0.0007424946693292573,0
87942.79118087934,88010.94349909517,43.52566817364856,0.0005789532902213956,0.0007684190949306603,0
87945.43494470348,88005.94954463198,43.924808663311346,5.810059931166123e-05,0.000576918962838269,0
87940.82595576279,87998.3532223927,41.830093336234754,-0.00038223652937408037,0.0004975099770531337,0
87942.69076461023,87993.97111126609,44.196466688847565,0.0003157330004335268,0.00046816117723336663,0
87937.2686116882,87986.84464660553,41.90998860445991,-0.0003930635706703711,0.0004637027696294802,0
87919.01688935056,87974.04149691413,37.68473951246632,-0.0007913273165007784,0.0005144402441180706,0
87935.37351148046,87976.47408810374,49.80924609823041,0.001762060678680788,0.0007446554901978713,0
87937.59080918437,87973.74553463978,46.396409838746685,-0.0006174943864146742,0.0007460222055893405,0
87946.07264734751,87974.3141223998,48.73139997287531,0.0003813683916327193,0.000753796046992453,0
87960.83211787802,87978.45556581799,51.43936699950366,0.0004531711752671086,0.0007465193865367903,0
87973.32769430241,87982.53324165272,51.6765299890753,3.9082084533959005e-05,0.0007303141366498181,0
87968.03815544193,87979.29203786611,46.269625903877014,-0.000868292728369302,0.0007900698062569459,0
87940.67452435356,87965.83094351465,39.52933233088792,-0.0013151120312625553,0.0008879087774082428,0
87910.08561948285,87949.63994864968,37.32741196961182,-0.0004951542287583433,0.0008823896460583869,0
87896.07049558629,87939.67358968154,41.54292163111147,0.00059552741596125,0.0009113280364142391,0
87886.35239646904,87931.29235425594,42.141756951316154,8.504097392525445e-05,0.0008774308602371031,0
87867.60191717524,87918.6839584145,38.98227642531133,-0.0006247191154485909,0.0006372118008983545,0
87844.6875337402,87903.62450764955,36.837743607543096,-0.00045072135920343204,0.0006282564443491269,0
87832.67402699216,87892.80591604505,39.690216514967055,0.0003599875696600474,0.0006260149251229592,1
87835.43922159373,87888.59628731367,44.93607333272176,0.0007049070782558786,0.0006603093233922442,0
87853.31337727499,87891.88844301243,50.77179134642273,0.0008914413209404337,0.0007438862469180621,0
87892.88470181999,87906.36858455675,58.42787129532611,0.0014371370265116035,0.000835018797462658,0
87918.70576145599,87916.87962232431,56.25220476906042,-0.00033139820856431523,0.0006932249205353785,0
87939.12260916478,87926.32602029483,56.15959072636274,-1.3632956946452168e-05,0.0006538511110796202,0
87956.05408733184,87935.1854729953,56.3524196123085,3.396924749266006e-05,0.0006464161440235357,0
87952.98126986549,87935.68588454119,49.797501112462434,-0.0009439494645651081,0.0007430524847139152,0
87966.3790158924,87943.34807685563,55.157273031152236,0.0009015166926709117,0.0007328921074113991,0
87948.60921271393,87937.3646153233,45.71398813972656,-0.0016182691268811222,0.0009260502894824598,0
87959.24137017115,87943.2196502939,53.234688680877305,0.0014137857538782939,0.0010097652853749163,0
87968.99309613692,87949.10877299446,53.581959625444064,7.079403061993617e-05,0.000997691310402042,0
87978.31647690955,87955.15433908587,54.03100571043393,8.646941187162582e-05,0.0009662618146571153,0
88006.89518152764,87970.25030825989,59.8372055538366,0.0011997871741160626,0.0009321807720585228,0
88034.09214522211,87985.94391659989,60.92782745339079,0.0002459112851491696,0.0009216956266848021,0
88045.88971617768,87995.68356054535,57.090993480598975,-0.0005649917497591028,0.000947869640064845,0
88063.38977294214,88008.2023277685,59.323871818212574,0.00045758418254870925,0.0009548995101027572,0
88067.89181835373,88015.26575251682,55.649747444966586,-0.0005388423161756251,0.0009121543782688744,0
88076.43145468298,88023.9315931971,57.136092784170394,0.0002802945760900233,0.0008769226580871953,0
88094.7411637464,88037.02690290645,60.45373056082615,0.0006513405482813095,0.0006448593240915198,0
88099.41093099712,88044.39627536951,56.36920968713967,-0.0005658516844777584,0.000575374143468436,0
88091.56074479771,88045.829341245,51.97773790407831,-0.0006574132507864983,0.0006277172587403287,0
88089.64059583818,88049.11394658637,53.44750578993151,0.000247558033053874,0.0006305488848647751,0
88086.18847667056,88051.22904235125,52.68440497306575,-0.00010876233907608501,0.0004918362932802242,0
88066.60878133644,88045.5073112284,46.41944950907103,-0.000954782872905291,0.0005528973717411062,0
88063.86302506916,88046.17755566217,51.21791003898187,0.0007340749547468661,0.0006016487048605011,0
88045.96842005533,88039.65141423834,45.84487938893452,-0.0008913961701196849,0.0006270172979136275,0
88049.41273604428,88041.79128567122,51.982253030520724,0.0010093846629684045,0.000713807804720033,0
88037.44018883543,88037.04207788293,47.20461749117757,-0.000836217720480037,0.0007471920443357702,0
88033.68015106836,88035.36916171176,49.19122145213686,0.0003306074414517468,0.0007158072343045025,0
88026.94412085469,88032.15378337432,47.94625704376886,-0.00021177332437760654,0.000702647321733682,0
87987.05129668376,88013.54707579484,38.28779619639213,-0.0019604545454545708,0.000902831094612101,0
87936.04703734702,87987.95461435893,34.18474677475247,-0.0010867896927020393,0.0009172851579121086,0
87912.00962987762,87972.30964941719,40.24168239481112,0.0009555233134352914,0.0010114333608366652,0
87866.1377039021,87945.97695401563,34.76638207592073,-0.0015169241638128828,0.0010665340540885924,0
87850.3581631217,87931.54632183239,41.496903172946546,0.0011928243500853863,0.0011264057231362811,0
87773.01853049736,87889.01120166581,30.881221524067158,-0.003685957093536585,0.001554370300810924,0
87621.29482439789,87809.50109242345,22.337209062714876,-0.005136533275648558,0.002005304271580646,0
87405.03385951833,87694.09099311223,16.99117631901929,-0.005452086091497388,0.0024048419437951796,0
87147.72708761466,87550.85544828384,13.825291405746583,-0.004870465087874476,0.0024881589806129084,0
86785.93367009173,87349.75586207621,10.0825533872719,-0.009054268246660224,0.0031855487220339776,0
86538.1569360734,87185.87351097837,16.57924900315946,0.002440743221485908,0.00362790000539043,0
86342.23154885873,87037.93319179853,16.935472289107892,0.0001341951592719326,0.0037050131970001554,0
86164.759239087,86894.01835618047,16.26027588621143,-0.0012115682679447737,0.003540196918231238,0
85997.7873912696,86751.82577834588,15.460031860373846,-0.0014624093395730897,0.003542289873101329,0
85818.23191301568,86601.66070758717,14.086621353547727,-0.0026941318342105225,0.0032691051124695896,0
85578.58353041255,86421.50882507925,11.741175117790576,-0.005640657386526637,0.0033651132155067044,1
85360.46682433005,86245.7352955266,11.189485103456065,-0.0015597969226893715,0.0033375680890547366,1
85250.97545946404,86115.48754138782,21.029360336174918,0.003846818483098202,0.003819578896225844,0
85187.58436757124,86008.08140126166,24.388457174359118,0.0014267858197700711,0.0038141622377083355,0
85087.52149405699,85888.0076375106,22.30502149104386,-0.002905196292369072,0.002799793738970946,0
84980.90119524559,85766.7723977369,21.252352425733406,-0.001568712747500367,0.0025675554450298468,0
84938.63295619647,85676.11672521537,27.240891308321594,0.0025443968511640325,0.002805044866226235,0
84901.09236495718,85592.00884110488,27.049063356482165,-0.00021977228618386135,0.002811213367084378,0
84839.91389196576,85501.38985554989,25.43658640010524,-0.0018375019601554188,0.002823165778381084,0
84772.8731135726,85410.78259595444,24.521826559469346,-0.0010696824406112304,0.0027517863390394423,0
84713.43649085809,85325.7741781404,24.220996128911054,-0.00034341281095462417,0.0021355264433483654,1
84674.65319268647,85252.478343764,25.703500716294315,0.0005188474932846798,0.00208564854078235,1
84664.03855414919,85195.12394887637,29.177938159894097,0.0012075317039188516,0.001677303604823968,1
84696.97284331935,85161.8135898876,35.74533053025225,0.0024477207823347946,0.0018144563066169793,1
84759.1782746555,85147.83053626146,40.85767963617537,0.0021135533005276486,0.0016454921855928823,0
84861.3426197244,85158.93685114678,47.438950221279605,0.0030820628646714976,0.001690365927692584,0
84929.99809577952,85163.08986467888,46.06149427386465,-0.0007667409405418546,0.0016440223488477107,1
84970.27447662361,85160.20714970808,44.50260182317175,-0.0008595778022364442,0.001687591915870535,0
85023.5355812989,85167.15013609825,47.26344642960695,0.0012357370454936234,0.0014935550916523137,0
85126.65446503913,85200.96648736205,54.304095793436694,0.0035495323721341787,0.0015778950193625447,0
85154.67957203131,85206.9495339655,48.08121716281862,-0.003183922960170449,0.002069428934443663,0
85135.64965762505,85193.54775815044,43.95355109419415,-0.0024306066207731014,0.002329137216108936,0
85125.75772610004,85183.78796195495,44.612259252084264,0.00031342754891783287,0.0023220607312944576,0
85085.32618088003,85160.13451086813,41.415388692818595,-0.001910885891118097,0.002335322910120395,0
85044.32494470403,85134.69682806193,40.581746527145015,-0.0005096345421060633,0.0022307832715631973,0
84951.49795576323,85084.28711641995,35.278573607673536,-0.0035359197514807095,0.0021460989107414865,0
84821.6723646106,85013.20374219996,31.212523562259747,-0.0032846934961958674,0.0022837737323452806,1
84709.66989168848,84944.88158381813,30.65497216658487,-0.0004829045731453707,0.002290573200723871,1
84665.61991335079,84903.47598528922,37.39310018625658,0.002703008699330045,0.0024897430950947003,0
84629.51193068064,84865.43998662656,37.31868745408236,-5.1367378306022005e-05,0.0019882529097197277,0
84608.31154454453,84834.35544238778,38.48602092014775,0.0004548732154836532,0.0019243681590717931,0
84532.33523563563,84779.27131126162,33.350205136112905,-0.0034910996952208784,0.0020451454966625513,0
84430.88418850851,84710.70846478328,30.344946287754752,-0.0024142679615420937,0.002035418036457443,0
84321.00335080682,84635.3240588939,28.398788137971238,-0.0017090135469077783,0.0020291517523376647,0
84231.11468064546,84565.8909626308,28.263933380429634,-0.00011826210028720308,0.0020483183966331173,0
84164.06974451637,84504.98178420981,29.152532574663667,0.0002900864130821468,0.001915046964450054,0
84136.05779561309,84461.25707655438,33.80269545833123,0.0015271308284587892,0.0018267413177081864,0
84087.65823649048,84409.69370595852,31.541343990441902,-0.001546581744908404,0.0018672066481810942,0
83983.81658919239,84333.21700541684,26.71820153051395,-0.0038812044619130903,0.0017970640417349789,0
83882.45727135392,84255.38091401532,25.537334158348685,-0.0010940731819244487,0.0017597098066984315,1
83819.76181708314,84192.98083092301,28.939212991128485,0.001101620541796855,0.0018373881225168013,1
83776.19545366651,84139.24893720275,30.170224313082215,0.0003942850564886413,0.0016882174060126771,0
83753.92836293322,84096.12267018431,32.57267755812805,0.0007527338184658561,0.001636549234677956,0
83761.72069034658,84068.55606380392,37.29904164316795,0.0015302720879470932,0.0016750224283308803,1
83720.13855227728,84021.76096709447,32.69082093463396,-0.002853225375088475,0.0018873600481388627,1
83736.49084182183,84001.77360644951,40.85651665466996,0.0029692242639802746,0.002162775609228491,1
83807.62067345747,84009.98873313592,48.69780674431089,0.00346340596096284,0.0023993617503291174,0
83860.81853876598,84015.77248466901,48.25790877517493,-0.0002203535312574889,0.00233503074385079,0
83921.96883101278,84029.4813496991,50.66558411595689,0.0011056977332126738,0.0018434929807441584,0
83961.67706481022,84037.75668154463,49.43806596656185,-0.000547248153275226,0.001791239959077094,0
83989.49965184818,84043.48698322239,48.8919064559974,-0.00023442558776687328,0.0018134161541007675,0
83994.02172147855,84040.63453020217,46.40898188536539,-0.0010544490723570776,0.0018910819464271293,0
83982.65537718285,84031.23048200196,44.35938326012654,-0.0008917761975029137,0.0019367607340899937,1
83982.31230174628,84026.65862000178,45.86296222344236,0.0005212230716802324,0.0018928766872914518,1
83969.46184139702,84016.78601818344,44.02168115216256,-0.0007487413215427896,0.0016080787992218428,0
84011.56747311763,84031.62274380312,52.56479446570917,0.003121258999552845,0.0016351778133661648,0
84041.5379784941,84043.42249436646,51.959354057982885,-0.00022059874324065198,0.0012510843199951965,0
84033.31438279529,84039.51317669678,46.91414786410588,-0.0019129905365189437,0.0014020841398858044,0
84019.35150623623,84032.60288790616,45.81552571428794,-0.0004395216119157386,0.0013399000666569087,0
83998.13120498898,84021.75262536925,44.29512011863146,-0.0005984743370631707,0.0013412993382829136,1
84018.50696399118,84028.86693215386,50.8265722785051,0.002225631828108199,0.001552584104003108,0
84038.15357119295,84036.85539286715,51.37656745604103,0.00019892982176838991,0.001507937494548186,1
84072.09885695436,84052.40308442469,54.370693207700285,0.0010834942010353732,0.0014891323132909084,1
84101.06108556349,84067.3582585679,54.66853632829483,0.00010723461984785132,0.001488764461214851,1
84147.57486845079,84091.56478051626,58.444393353675956,0.001385944936711736,0.0014776094572791034,0
84207.20189476064,84123.75980046933,61.739950547114695,0.0013290071825440286,0.0012077255142391684,0
84251.20151580851,84151.34527315393,60.881242147775055,-0.00021919408339399205,0.0012076562671018822,0
84278.73121264682,84172.93661195811,59.04878416090852,-0.0004542374969203067,0.0009739926869022022,0
84272.82897011745,84179.87146541647,52.81558929172905,-0.001654602474142064,0.0011574536465142017,1
84292.37917609396,84197.20860492406,57.05845177945588,0.001440488113717775,0.0011532741283405185,0
84304.35134087518,84211.30236811278,56.23549058711113,-0.00021737435015856121,0.0010070124074670359,1
84332.62107270015,84232.6112437389,59.445522238148975,0.0011079729477248002,0.001037448330012716,0
84355.72285816012,84252.20385794445,59.528641220219924,2.8775887937593225e-05,0.0010125237563311646,0
84410.84828652811,84286.6716890404,65.30300972230016,0.0021696158340036575,0.0011699960915963685,0
84443.42062922248,84312.76608094582,62.291916643331604,-0.0006810714941921647,0.001177012766741374,0
84460.05050337799,84332.20280085984,59.86091838443248,-0.000557383612472484,0.0011417243158544908,0
84489.6364027024,84357.27345532713,62.577125934634694,0.0009631291083973537,0.0011663751841120707,0
84504.82712216192,84376.21132302466,60.28938562761674,-0.0005010165707773906,0.0011694451604386889,0
84472.98769772955,84373.43120274969,50.062006779213675,-0.002601057948037666,0.0013598965172026203,0
84464.30015818364,84378.53291159062,53.31586936732724,0.000994953739749116,0.0013183154971724126,0
84459.44012654692,84384.12082871873,53.72025394884197,0.00012377183107092904,0.0013144421973204931,0
84456.61010123754,84389.68166247157,53.93777150886532,6.2648034107049e-05,0.0012664872746028276,0
84448.99808099004,84392.30605679234,52.5921748483708,-0.00031665472402298,0.0012703273181816793,0
84437.11846479203,84392.06005162939,51.10568162052015,-0.0003429341063071467,0.001007211203691016,0
84441.47477183363,84398.13641057217,54.426346153692734,0.0008211912368347729,0.0010526719461726427,0
84441.5798174669,84402.12400961107,53.47259296041884,-0.00020009732544457037,0.0010427723747533076,0
84464.12385397352,84415.95819055552,58.65707909310501,0.0013299069183581036,0.0010897001218559913,0
84485.30908317881,84429.96653686867,59.34136120517549,0.0001862708342450503,0.0010806356406686602,0
84482.13126654306,84433.55321533515,53.27423723704127,-0.0011899011529495906,0.0007412315167528195,0
84482.84901323445,84438.29565030469,54.09298334792931,0.00019296924259704085,0.0006801512639298412,0
84483.75521058755,84442.75786391336,54.18103617030834,1.9648290859208828e-05,0.0006799777554627403,0
84493.86416847004,84451.07987628487,56.708590698139815,0.0005553492131014082,0.0006980972114606988,0
84513.72933477604,84463.9989784408,59.712545102873314,0.0006966402986716691,0.0007035198280167138,0
84526.18346782084,84474.18088949163,58.437854221867056,-0.00020320784687277715,0.0006926903011964172,0
84560.49277425668,84494.50353590149,64.25674061359172,0.001439297200151346,0.0007749081536450416,0
84594.51821940535,84515.96866900135,65.65583128397333,0.00038832209552719377,0.0007562919394208934,0
84613.09457552427,84531.55333545577,62.20982353543289,-0.0005100871444113642,0.0007116179285410905,0
84636.31766041943,84549.5221231416,64.16903596202715,0.0004936979999388136,0.000719593431893054,0
84651.47212833555,84564.30102103783,62.734803897102125,-0.0002020554658778151,0.0005593390073784323,0
84651.20970266845,84572.10638276166,57.70991620333948,-0.0007310644796981736,0.0006461919953459607,0
84666.24976213477,84586.13398432879,61.770089306116574,0.0009007661651201371,0.0006789213132173285,0
84668.21980970782,84594.31271302617,57.825306469174635,-0.000593793599893977,0.0007234492301958528,0
84643.03184776627,84589.58246638742,48.88292056381237,-0.0015803750999396904,0.0008799373675957022,0
84622.38147821302,84585.05496944311,48.73130382104859,-2.95710028165308e-05,0.0008785062014693427,0
84585.90718257043,84571.8690631301,42.99942137096471,-0.001180154478755524,0.0007716081312659038,0
84542.41374605635,84553.37551193645,39.41766632613162,-0.00084758398299567,0.0007469026906442962,0
84503.93499684508,84534.88864721496,38.52814840969496,-0.0002183280857154246,0.0007490362134931339,0
84476.32799747607,84519.52604292269,39.78962921985461,0.0001882631444543037,0.0007140051687217613,0
84461.78639798086,84508.98912992972,42.79267441445791,0.00044710007242265704,0.0007646817485968423,0
84465.4331183847,84506.35557266338,48.40571896715987,0.0009051744463093314,0.0008480392316604149,0
84411.52849470776,84478.13324787578,34.75079167441048,-0.003363043711400615,0.0012220400160544336,0
84367.62279576622,84452.12113443253,34.606107712438444,-4.643931041314886e-05,0.001235883746523612,0
84310.74423661298,84418.58557675683,30.76835472630721,-0.0012919279741543388,0.0012128991672996593,0
84276.0353892904,84393.00506977893,34.64142023310933,0.0006418640197338732,0.0012621060330728394,0
84249.48831143232,84370.30460888994,35.08346638231524,7.250062992358863e-05,0.0012465767052182797,0
84199.59264914587,84336.64146262722,29.9578471874661,-0.001702928218883848,0.001312043364094083,0
84127.0421193167,84291.20496602474,25.405986001773528,-0.00194249976875005,0.0013910558004902138,0
84056.21769545336,84244.08815093158,23.875557432460397,-0.0007624333169046205,0.0013626970319740122,0
83994.90615636269,84199.14013721052,23.324933539918632,-0.00027765535688617504,0.001313025279774688,0
83772.93892509016,84079.67921564593,12.128310991892405,-0.010323504596914113,0.0031836369648315737,0
83425.53514007214,83893.88292331448,8.044132414574065,-0.01024490900472197,0.00413637406649395,1
83144.19811205773,83723.42538483134,7.985913674797828,-0.00020807958269974947,0.0041256414758209575,1
83005.79848964619,83607.85944075575,23.185061523943062,0.0052835415273440045,0.004823044167673821,0
82898.24279171696,83504.23767341432,23.68068486123444,0.00019186874334464754,0.004798247585987806,0
82779.14823337358,83395.01333946756,22.078215615562215,-0.0020038070515091544,0.004743626610115426,0
82630.92058669886,83271.64939951597,19.769898497463657,-0.0032169026631789777,0.004750188819395561,0
82484.8424693591,83147.00218137815,18.677877808945397,-0.0016758085672725631,0.004753481102046352,0
82344.87797548728,83023.18561943468,17.788803797615245,-0.001410369383445964,0.00473421107981411,0
82167.84438038984,82881.05147221334,15.544644446642423,-0.00397762328602469,0.00469532863822816,1
82027.34750431188,82752.35224746667,15.74345814055927,6.935944161834406e-05,0.003921203978348848,1
81945.92600344951,82649.43295224242,21.218352386007084,0.0019011761563443308,0.0026677291564942878,1
81929.76080275961,82578.12995658402,29.065906446686185,0.0029999911786586786,0.0028909146278345665,0
81940.7986422077,82524.20450598547,32.60461110052641,0.0014639938142138043,0.002274998282350247,1
81955.86891376616,82478.01773271407,33.53419544087936,0.0003805576511297648,0.002282750041814885,0
81969.73513101292,82436.85248428551,33.81934214997176,0.00011034412124932835,0.002230125579507177,0
82008.76410481034,82412.12771298682,38.224454762987115,0.0017028913065741946,0.0020600307027035082,1
82019.36528384828,82380.2770118062,36.30346412936966,-0.0012549157255509202,0.002022391436273979,1
82049.85422707864,82361.32546527837,39.7816082908803,0.0013409410983944436,0.0019655398218032323,0
82117.35738166292,82363.69315025306,46.001922707961874,0.002623284067857279,0.0013004157989460177,0
82169.88590533035,82365.17559113915,45.827623858141884,-8.945545901017926e-05,0.001315738798740753,0
82199.56272426428,82360.91144649014,44.313140384765525,-0.0007493323622237424,0.0014043951338195452,1
82230.78417941144,82360.43495135466,45.48853861464997,0.0004543341350589092,0.0011856265066183774,0
82274.35534352915,82368.4535921406,48.40398066951926,0.0011288840221930219,0.0011629575197974569,0
82326.16427482333,82383.44872012782,50.97816111989878,0.0010280339372485958,0.0011695683017463687,0
82360.53941985866,82393.86610920711,49.86056224960571,-0.00042843261031288993,0.0012079220744733766,1
82389.75553588694,82404.11646291555,50.14616348950889,0.00010400247084652037,0.0011463822297582292,1
82435.00042870955,82423.37678446868,53.7614346498904,0.0013254693986979316,0.0010109641908620053,1
82483.28634296765,82446.38162224425,55.67487423817247,0.0007316986374790169,0.0009842967974163033,1
82547.68107437412,82479.00692931296,59.519561329188086,0.0015582433832714848,0.0007787490737738543,1
82608.5988594993,82512.93993573906,60.85387438698242,0.0005677175580391935,0.0007500853603334814,1
82693.00108759945,82560.00085067187,65.49984790640343,0.0021525058999589675,0.000743363720623006,0
82788.01887007957,82615.28168242898,68.59422283860349,0.001655774900364948,0.0007668302279343355,0
82859.66709606367,82663.5524385718,67.55806005293852,-0.0002624804777889844,0.0008580927953280303,0
82896.40367685094,82698.07948961074,62.746164829598676,-0.0012376984845738903,0.0010754725761240578,0
82949.16094148076,82740.08953600976,65.73061262310159,0.001406975995067672,0.0010330755606724345,0
82941.32875318461,82755.53594182705,55.481141271936444,-0.0030085308847900283,0.0015866908215854474,0
82936.5570025477,82770.25721984277,55.70323746303237,9.009769629719777e-05,0.0015622290864845854,0
82943.54160203817,82788.55019985705,57.359604471143896,0.0006513705736559405,0.0015603418988889253,0
82952.26528163053,82806.60563623368,57.85234082874278,0.00018898059911687248,0.0015022519114949958,0
82949.59622530443,82818.6342147579,55.71908337508633,-0.0005812947448738948,0.001516614403360881,0
82956.19298024355,82833.53837705264,57.25534529084347,0.0005264114844996115,0.0013508769274005097,0
82966.86238419484,82849.53852459331,58.21927523430207,0.00032488746433267934,0.0012228757362665417,0
82967.88790735588,82860.67047690302,56.31443682212052,-0.0004523576446754385,0.0012255950817285013,1
82968.6763258847,82870.77588809365,56.30598324309105,-1.9283616073950682e-06,0.0011714654280379996,1
82978.05506070777,82883.93898917604,58.15527351335863,0.0005271668709729838,0.0010760722140784947,0
83034.35204856622,82918.08453561457,66.63709773575273,0.002938846291123287,0.0009737548598542407,0
83075.80763885297,82947.49775964962,65.58609427429352,-0.00021511048463618287,0.0009899351740414862,0
83090.3261110824,82965.76159968146,60.25827427108045,-0.0011199924845297637,0.0010913907978677966,0
83093.93488886592,82978.72599971041,58.07677604484194,-0.00048142838587394987,0.0011134364202388626,0
83084.08391109273,82984.72181791854,54.684635497396265,-0.0007663488045789313,0.0011283151947542708,0
83086.05112887418,82994.64892538049,56.7861194789145,0.0005929338279104801,0.001131117633033624,0
83051.67890309935,82987.33447761863,48.030533274937866,-0.002162974138180007,0.0013391070194428817,0
83018.8871224795,82978.27861601693,46.8840023692466,-0.00031924571656549716,0.0013360292862922792,0
82993.30169798361,82970.3405600154,47.050613894040964,3.908902307858675e-05,0.0013364294904890167,0
82953.22135838689,82954.20960001399,42.686447769609494,-0.001182999931476414,0.0013569877906629204,0
82899.87908670951,82929.87327273999,38.51263627264352,-0.001285013570004212,0.0007846751889587525,0
82837.32926936762,82898.7147934,35.06371262199518,-0.0012018889175512415,0.0007803388270587114,0
82751.9714154941,82854.33526672727,29.933961192125125,-0.0021382266219931445,0.0008874412965516336,0
82696.96713239528,82820.0275152066,33.85317948721797,0.0008058435243842865,0.00103455773676568,0
82631.39570591622,82779.03501382418,30.836760166590963,-0.0013075168274286897,0.001048872267418521,1
82537.43056473297,82722.90183074925,26.02980771266941,-0.002519633877311467,0.0010461391340839915,1
82505.13045178639,82691.35893704477,36.96034543747246,0.0026090056458267785,0.001507736730650818,1
82530.99236142912,82686.18448822251,47.11049741702653,0.003138173978733949,0.001929459484757745,0
82545.3558891433,82678.60498929319,46.13176202968868,-0.0003827701863775568,0.0019257251454137228,1
82573.97671131464,82679.50089935746,49.20890741133156,0.0010368896651338222,0.00194642155307237,1
82617.71536905172,82689.78899941588,52.745803798224735,0.0012602725942651993,0.0019442232617014274,0
82683.38029524137,82713.08454492352,57.44283238199649,0.0018524586778032592,0.0019516368543371389,0
82723.80223619309,82728.75776811228,55.11366588123253,-0.0007299926554660274,0.0017893546820694124,0
82735.70778895447,82733.71888010207,51.331828549930144,-0.0012325438384933607,0.0018743806458430348,0
82722.49223116359,82727.8926182746,47.43089021491988,-0.0013734649234332652,0.001881052265935458,0
82717.72578493088,82725.23510752237,48.506867048132044,0.00035115676700137044,0.0015879873242368467,0
82691.15862794471,82712.47646138397,44.64979972884352,-0.0013757175751094586,0.0015418826783309145,1
82666.38490235577,82699.27769216725,44.06604865004864,-0.00021311404543866708,0.0011631486778308764,1
82669.57992188461,82697.73972015205,48.78096211014657,0.0013936511662184792,0.001244680651248628,0
82714.6119375077,82715.64883650186,56.13103724037427,0.0025686252787173736,0.0014504447848339547,0
82735.08555000616,82724.86076045623,53.12505065605338,-0.0009380571071216925,0.0014469223922831394,0
82744.86044000494,82730.23341859657,51.85511683964225,-0.00039871050598550006,0.0012995414561757517,0
82736.67635200395,82727.84310781508,48.81004792165596,-0.0009666123727350984,0.001312458605238347,0
82770.32108160316,82743.9391889228,55.825740434267615,0.0024298721439388604,0.0014961815633052135,0
82791.36286528253,82755.90198992981,54.6469655272276,-0.00035426132834126545,0.0014134689442430784,0
82797.03029222603,82761.70180902712,52.38267361099417,-0.0006736608501930474,0.001442154731594812,0
82777.62423378082,82756.09255366102,47.80878794407254,-0.0014453083022517577,0.0014504640292000177,0
82726.07738702466,82734.61959423729,41.88278868119426,-0.0021778718258766983,0.0016260852308982844,0
82692.17990961974,82718.43508567027,43.42171062905676,0.000444741261773407,0.0015583519077417226,0
82672.79792769579,82707.23825970023,45.072555648349784,0.0004685271036510841,0.0012650004223310027,0
82672.85834215663,82704.13478154565,48.338924198725955,0.0009423057761055453,0.0013087132700230785,0
82666.1846737253,82698.25798322332,47.0380617540504,-0.0004065409425798583,0.001308865593767828,0
82667.28773898025,82695.8436211121,48.469285249822924,0.00038976523209410807,0.0012876964845931133,0
82684.4301911842,82701.03965555645,51.99550970908655,0.0009834078650856615,0.0010363617913069592,0
82687.54415294736,82700.94514141495,49.612085857161674,-0.0006404601645861874,0.0010455314138773898,0
82678.52732235788,82695.62831037723,47.08843997187272,-0.0006957678355501429,0.0010466399588154,0
82655.21185788632,82683.47573670658,43.73611735370426,-0.0009741965570725375,0.000994340497409599,0
82631.41748630906,82670.09066973324,42.69090672587537,-0.00031140252864658713,0.0007091335482273074,0
82587.31998904725,82646.53060884839,37.9326768565792,-0.0015182421685312475,0.000838413569024522,0
82578.9639912378,82637.34964440763,45.021573199311796,0.0016333998415016815,0.0010027663005157245,0
82570.77519299026,82628.3196767342,44.71432630477355,-9.110122727395975e-05,0.0009392602618580305,0
82553.75015439221,82615.349706122,42.53719272181961,-0.000634495472510821,0.0009485448571409182,0
82501.00212351378,82585.77336920182,35.5696754846999,-0.0023718064899773683,0.0011441519725279166,0
82473.01569881104,82565.34579018346,39.44922387684519,0.000863531308356924,0.0011278361781631684,0
82451.15655904885,82547.01617289406,39.59529587505006,3.217539548705517e-05,0.0011368310490450513,0
82416.44524723908,82522.52379354005,36.512585830131094,-0.00104560600225434,0.001151993543888879,0
82381.78819779126,82497.12708503641,35.328038508482564,-0.0004185829435958688,0.0011367593294099648,1
82369.26055823301,82480.94735003311,39.956669739778185,0.0009239674156487077,0.0012105259762701815,1
82372.60844658641,82472.31577275737,43.76942330808609,0.0008120832151450319,0.0011654268526811245,1
82407.35475726913,82479.04524796124,51.69281061193152,0.0019462044522127186,0.001218033708716114,0
82430.4178058153,82483.01113451022,50.56018069930885,-0.0002867480254121757,0.0012212558565124509,0
82459.71424465225,82491.54648591837,53.09586422648246,0.0006571527557215351,0.0012170974182953548,0
82476.3113957218,82496.19680538034,51.308636739181594,-0.00041415940777622673,0.0008856405660159644,1
82499.45911657745,82504.91073216395,53.72896403399698,0.0005978723739350489,0.0008709545241612158,1
82546.76529326197,82525.91793833087,59.97783761727242,0.0017427827496714343,0.0009781651331079036,0
82603.93023460958,82553.79721666442,63.53683142572216,0.0011675692766834889,0.0008428056574159255,0
82649.92818768766,82579.26292424038,63.58484544232045,1.6056482116555415e-05,0.0007898089944507844,0
82685.53655015014,82601.87265840035,63.184005679419506,-7.183047717651547e-05,0.0008228003146460337,0
82696.70924012011,82614.55696218212,57.503980988214,-0.0010451783377041224,0.0009702073096402554,0
82729.52739209609,82636.94269289283,62.50987397382821,0.001443050274711366,0.0008928591300967574,0
82742.50991367688,82651.26062990256,58.392882552187146,-0.0008008612033675311,0.0009486189468337912,0
82759.56193094152,82667.30693627505,59.82411575422033,0.0004025632639099719,0.0009422356319893898,0
82755.88154475323,82674.02085115915,54.57094346897621,-0.0010456637912622524,0.00101412041025938,0
82762.95923580258,82684.67986469013,56.927544352636794,0.0006056236098213041,0.0010144267115463625,0
82773.65538864207,82696.6580588092,58.103190873852114,0.0003040175612718521,0.0008695051232072378,1
82777.71831091365,82705.50459891745,56.61748698609889,-0.0002713229402278028,0.000787992753610848,1
82761.31064873093,82704.61145356132,50.53081966088645,-0.0011871637511766675,0.000865458761282947,1
82853.81651898474,82751.8140486921,69.50326143268363,0.006386790700554146,0.002248671920596093,0
82913.32521518778,82788.13640790191,65.77515944466188,-0.0008709042985759474,0.0022361859606449663,0
82982.66017215022,82831.03309809265,68.50235881117084,0.0013065330500907635,0.0022301746846604613,0
82993.86013772018,82849.90827099331,58.308029659411496,-0.0026584194090799596,0.0024184047108819855,0
82981.74411017615,82857.48751908483,54.1744120003915,-0.0012690474533187945,0.0024675843245982945,0
82965.39528814092,82861.3522900771,52.898975029019375,-0.00040128643169545786,0.00244174919468313,0
82915.75823051273,82848.24844552464,46.4328521261702,-0.0022049457177321097,0.0025485843233898644,0
82882.03458441018,82839.05676865876,47.56309738961998,0.00036183522147315017,0.0025496342516640224,0
82846.19566752815,82826.67342605341,46.015493029446425,-0.0005353659353061202,0.002553191386959845,1
82841.75853402252,82826.4312964122,50.73706053150514,0.0014651250186812348,0.0025662658396089317,0
82822.44682721802,82819.04663310199,47.80825294940417,-0.0009515356718420298,0.001346603859811516,0
82832.11746177443,82823.75148463817,52.512970311856826,0.0015179128215292437,0.0014924247705254627,0
82818.45796941954,82818.30316785288,48.502515696030606,-0.0012909251509578556,0.0013976367793985308,0
82814.86637553564,82816.68469804806,49.91488134309084,0.0004431888233287218,0.0012224277371020952,0
82787.05310042851,82803.87699822552,45.36020091160627,-0.0015060295529616408,0.0012456680860263884,0
82766.45448034281,82792.98454384138,45.713561003868946,9.990831658113208e-05,0.0012516644902120578,0
82764.20358427425,82789.54958531033,48.78554839963712,0.000860383488667571,0.001086958392935691,0
82765.6848674194,82787.91871391848,49.495514205766845,0.00019829569622209497,0.0010829087170899463,0
82752.54989393553,82779.92701265316,46.468642486013835,-0.0008650308964632814,0.0011067900797792037,0
82744.83991514843,82773.9336478665,47.14874264234568,0.00016916563855318145,0.000984969965628499,1
82766.27193211875,82781.03058896954,53.433445874851465,0.0016683995454216394,0.0010861415617315058,0
82768.615545695,82780.7541717905,49.99951725441546,-0.0008932795828705542,0.001008544829171675,0
82800.94843655599,82794.34742890045,56.232494505972674,0.0018397402497933868,0.0010848056987181622,0
82787.09474924479,82788.6503899095,47.8545558661688,-0.00239478270180693,0.0013526905773998635,1
82775.97779939583,82783.45580900862,47.84798431591464,-2.0548355841309984e-06,0.0012570359650736689,0
82768.96623951665,82779.58891728056,48.27143260244241,0.00011374142693632017,0.0012570824996557674,1
82794.97299161332,82790.44447025505,54.896782143802525,0.0019105419664176004,0.0013693490697085059,0
82814.66839329066,82799.80860932278,54.63221985960889,-6.694893786418632e-05,0.0013714037324827587,0
82846.40871463253,82815.58691756615,57.78703608090356,0.0009641292526731959,0.0013429723394715932,0
82875.52697170604,82831.62447051468,58.511302581882575,0.0002245298702463483,0.001342345636703773,0
82906.65557736483,82849.76497319515,60.06281550239848,0.0004719732022362422,0.0012613063716852158,1
82921.32446189187,82861.6045210865,57.060819364978514,-0.0006162745870014197,0.0012370273507753857,1
82968.1195695135,82888.30411007862,63.74597932523376,0.002112557242709201,0.0012784346156624188,1
83067.0956556108,82940.54919098056,71.98944784535632,0.003700305332311915,0.001318216311619787,0
83183.84852448865,83005.12290089142,75.63243357090947,0.002250817727615928,0.0013427663434324687,0
83250.21481959092,83051.53718262857,68.70768625002393,-0.001616002513303627,0.0015760206880623775,0
83229.16985567275,83060.03289329869,54.08424089869466,-0.00443856770369333,0.0022663909166991446,1
83202.93588453821,83063.48444845335,52.557182260204755,-0.0005651573233697027,0.0022807511266757464,1
83210.34870763058,83079.53131677577,56.54968722921967,0.0017088257238442317,0.002318546167127617,0
83274.54096610447,83120.60210615979,63.361522553997034,0.0034996395963478033,0.0025251544664824455,0
83283.09677288358,83138.48555105434,56.370425728489344,-0.002561793895007658,0.0027234806723444318,0
83269.27741830687,83145.35050095849,53.31185113111453,-0.0012400782934449683,0.002754968680729907,0
83235.42193464549,83141.22772814408,50.08289374327798,-0.0013699617852764856,0.00271815278903396,0
83112.39354771639,83093.86884376734,39.29681550853536,-0.00577280385078216,0.002905107879978105,1
83063.87883817313,83073.50076706121,45.83194802706165,0.003020323823642368,0.003009411390050555,1
83082.52507053851,83081.10160641928,52.21073756862548,0.003466762688756786,0.003296844448017588,0
83119.30005643082,83097.94691492662,54.41015552649595,0.0013142592377246576,0.0030080019077464637,0
83103.99604514465,83092.93174084238,49.400334312480226,-0.0026855970715677913,0.003136031113934914,0
83092.12483611572,83088.54158258397,49.44203266049049,2.239809409076976e-05,0.0030749701508367595,0
83050.48786889258,83069.9414387127,45.920999236135025,-0.0019351038188617498,0.002811386561661499,1
82988.78829511406,83040.12767155701,43.007453986448375,-0.0017126357651433555,0.002763814666300799,1
82994.29463609125,83037.9633377791,49.65537888385715,0.0033154870942795345,0.003025946605535425,0
83009.757708873,83041.02212525372,50.898520468327845,0.0006660136223817226,0.0030094480395202994,0
83019.8061670984,83042.74738659429,50.615886291586044,-0.00013975893810169726,0.0022452700495952525,0
82946.45093367873,83007.31853326753,41.844424478288296,-0.004899711052251399,0.002633742935856785,1
82990.25474694298,83021.69593933411,52.910105732040456,0.006199893700206793,0.003153785393194463,1
83007.4017975544,83026.63176303101,51.08232095467239,-0.0010759273049258944,0.0031348531134402433,0
83062.44343804351,83049.90251184636,54.95214819522481,0.002487120526640574,0.0031103029890344955,0
83128.05875043482,83080.86773804214,56.87111720507282,0.0012957086719544986,0.0031240375546747095,0
83131.85100034787,83086.88158003832,51.536193977311534,-0.0029199961818201503,0.0032205722240187325,0
83131.17280027829,83090.66143639846,51.14238907711749,-0.00022321906425504245,0.0031497017072916493,0
83134.73824022264,83095.9649421804,51.58332037534512,0.00024708745957746636,0.002987016656817279,0
83055.7905921781,83063.60449289127,43.21915640479167,-0.004918880563807182,0.003379050732109789,1
83006.31847374249,83040.40681171934,44.83097610532582,0.0008270485859318555,0.003400918007633664,1
82956.09677899399,83014.47982883576,43.789855259132054,-0.000642688190079066,0.00300421510909688,1
82964.8754231952,83013.16257166887,49.58864140947348,0.0029578802349725652,0.0023878056365477557,0
83026.69233855617,83036.87142878988,55.16386535412811,0.0033008437711861127,0.002600378354726521,0
83098.48987084493,83068.58129889988,57.24058681994608,0.0013415958602183142,0.0025142471114757464,0
83076.88389667595,83061.47936263627,48.654995798595344,-0.004739662733457162,0.0028975722838434055,1
83071.63911734076,83060.49578421479,49.887959988031746,0.0007253845803480985,0.00278312250326515,0
83089.08129387262,83069.4370765589,52.11352581347194,0.0013026988587447885,0.0028179879614516263,0
83113.2570350981,83082.21188778082,53.17158809918573,0.0006146068638515079,0.002823378394086359,0
83091.52762807849,83075.15717070985,48.53179868522859,-0.002467853607909465,0.0024189177756763166,0
83061.86810246279,83063.16379155441,47.20583632974936,-0.0007394770001329931,0.002433257585199969,0
83079.18448197024,83070.91708323128,51.934275263096325,0.0024742224290035253,0.002516462289794455,0
83044.2775855762,83055.80189384661,46.595137033653614,-0.002932105168526933,0.0025601988302108164,0
83009.78806846097,83039.0771762242,45.910875350413484,-0.0003958764677252091,0.0022622078528824587,0
82854.35445476878,82965.76288747654,35.09966596227409,-0.0077132362106642205,0.003106103945345906,0
82689.47556381502,82880.68989770593,32.48759245160939,-0.0024644721279705184,0.0029104118813884513,1
82650.96845105203,82845.80354336902,43.01165421635122,0.0056927980947447665,0.0036081582882936374,1
82575.97276084163,82794.00231215365,39.846665370669406,-0.002678281158064788,0.0035867481653966836,1
82552.7782086733,82763.63846559422,43.570773145186884,0.0022364969415742397,0.0037056343130768402,1
82669.17856693866,82797.37860508566,54.656886828516996,0.00818311908804259,0.004621929305985553,1
82849.72885355093,82867.79236825969,60.12269064347959,0.005258328704303983,0.004873634345340861,1
83056.34708284074,82960.0676075088,63.49307131657585,0.0037200289618777305,0.004937651463109061,1
83231.30366627261,83048.34600682618,64.00221904007451,0.000575922459449929,0.00475719779047937,1
83442.66693301809,83161.05273347834,67.59837856868893,0.004253368207957964,0.0048063307537243504,0
83569.73354641449,83244.41157588939,63.572780156340755,-0.002492877999888843,0.003859856604204751,1
83684.10283713159,83325.97234171763,64.26622337000614,0.0007562025738006017,0.0035464097841025103,1
83817.80026970527,83419.30121974328,66.54260070202277,0.0025077969774276454,0.003371558025483245,0
83938.45421576423,83510.37110885754,67.27128545065585,0.0008118304369790774,0.0029626281724235894,0
84013.16137261139,83583.24555350684,64.84850785519299,-0.0012920944972624193,0.0032081792473614436,0
84112.82109808912,83667.62868500622,67.17652173371377,0.0023658556748571424,0.0024450658416564045,0
84162.91887847129,83730.87244091474,63.797032778218686,-0.0017530166914642153,0.0022949155903442017,0
84180.33310277705,83778.06494628612,61.258462426321586,-0.0013432379549829232,0.002169853358617224,0
84208.78448222164,83827.56722389648,62.293647462340545,0.0008617211705306271,0.0021737362626317713,0
84257.69758577732,83884.45656717861,64.15159702424884,0.001550711381137715,0.0017837717102064691,0
84254.75606862186,83917.05051561692,59.105878640496556,-0.002490842577588692,0.0017834307170795003,0
84217.06885489749,83930.62046874267,55.18046673730841,-0.0020971477864211163,0.0019080147689139993,0
84145.575083918,83924.16406249334,50.91918388630292,-0.0024590109332727206,0.0018007054701244226,0
84096.3740671344,83921.92823863031,51.6959228958801,0.0004766299863103729,0.0017747572102259361,0
84051.52925370753,83917.40294420936,51.09848964445319,-0.0003268193150455234,0.0017602133400804222,1
84029.22340296603,83919.45722200851,52.55948742201995,0.000808969365874157,0.0015302885191045615,0
84014.18072237282,83922.5983836441,52.872580817475,0.00016690493209425838,0.001500466034701358,0
84039.59257789826,83942.47489422192,56.960598301509435,0.002230149578322793,0.0016872942259489952,0
83983.67606231861,83925.88717656539,47.85756731131525,-0.004530834107032589,0.002137533790822478,1
83979.97084985489,83929.45652415034,52.27719239967146,0.002449140108746306,0.0022566705084164744,0
83984.15267988392,83935.94956740939,53.024048740853914,0.00042553368867936925,0.002168626805352288,0
84007.60214390713,83950.99051582672,55.150581373958744,0.0011966541302899092,0.00211232515287021,0
83987.3497151257,83946.9313780243,50.38417523274976,-0.002319343078712066,0.0020943232521723437,0
83960.89977210057,83938.58307093117,49.18171640167241,-0.0006106809092136789,0.0020983779971512104,1
83929.40181768047,83926.29460993742,47.93879052506309,-0.0006164204681647911,0.002104596299099748,1
83953.55545414437,83937.55600903402,53.925096313140926,0.002944510253222399,0.0023037467358898913,1
84020.9243633155,83969.63273548547,58.8820337021872,0.0028581738740087737,0.0024599762787860142,0
84087.0534906524,84004.3543049868,60.06031650421503,0.0007257054184108824,0.0023805167450880924,0
84122.51879252192,84027.99300453345,57.52971916451896,-0.001033649996081909,0.0017812105136558055,0
84175.70303401756,84060.76091321222,60.105440566489065,0.0014722709643149035,0.0016932658133285055,0
84158.52642721405,84063.40264837474,51.93987205588002,-0.0035386363345499827,0.0021232002201216826,1
84171.37514177125,84077.8905894316,54.87891740491268,0.001581047503728783,0.00214843216090962,0
84200.322113417,84099.54689948326,56.87296317441514,0.0011082513671778482,0.001978017431512026,0
84234.5676907336,84124.2744540757,58.05856538728677,0.0006575255903054078,0.0019399627612233464,0
84242.39415258689,84137.85859461427,55.175478180359235,-0.0011597511246386194,0.0019853876724485416,0
84223.54532206952,84138.79417692206,51.63260134114806,-0.0014897886291928009,0.0018867674086318815,0
84217.15825765562,84143.59561538369,52.76330078978671,0.0005164700590565285,0.0016377975418506818,0
84175.6766061245,84131.42783216698,47.73455715339428,-0.0021600727198352043,0.0017249186902896288,0
84137.0632848996,84117.89893833362,47.01441878408891,-0.00032305774032181933,0.0017107048213146983,0
84118.27462791969,84111.10085303056,48.866625689487286,0.0007205063048170146,0.0016374808889330953,0
84082.95970233575,84095.70077548231,45.96626412486493,-0.0012067614814871286,0.001266182602603111,0
84070.5497618686,84088.90161407483,48.5354135694545,0.0009436311154051857,0.001181112958103024,0
84053.15980949489,84079.32874006803,47.39237017033397,-0.0004440561284089206,0.0010821942850334455,1
84040.52584759591,84071.20703642549,47.61989596223842,7.6086283512522e-05,0.0010339323759445385,1
84064.01867807673,84079.09639675045,53.33432164757929,0.002000238361738127,0.0012534152113110562,0
84082.34694246139,84086.05672431858,53.24755810993721,-2.7686022444184388e-05,0.0011598204308682994,0
84109.87555396912,84098.23247665325,55.40462024784333,0.0007644167962084225,0.0011744203807975114,0
84111.5404431753,84100.04770604841,51.366195423629634,-0.0012086204237260478,0.0010029055510661655,0
84088.14035454024,84090.45609640765,46.89426944786524,-0.0014700742526587707,0.001119254265546588,0
84072.8322836322,84083.2873603706,47.57239744161263,0.0002031084401439287,0.0010946946082096014,0
84092.66582690578,84091.35214579145,53.57490978801429,0.0019092601497887607,0.001165888214626962,0
84103.33266152462,84096.32013253769,52.52514028486277,-0.0003088913177778929,0.001153242406552957,0
84088.6661292197,84090.29102957972,48.00560505602273,-0.001378556318779256,0.0012411823639030197,1
84075.62090337576,84084.2136632543,47.755352143660204,-7.806735689630528e-05,0.0012418612850276416,1
84071.76472270061,84081.67969386754,49.186046680344745,0.0003915574035053826,0.0010490152881485473,1
84103.80977816049,84095.34426715231,56.09835148359601,0.0020896698571459815,0.0012618857863366175,0
84141.24782252838,84113.13115195664,58.15764458285395,0.0007005651890688025,0.0012582581452414894,0
84167.9562580227,84127.82741086966,57.361666373698284,-0.00019230997378139048,0.0011808231711198998,0
84186.46300641817,84139.88764624514,56.625385954888976,-0.00016968300959263605,0.0010414887007684959,0
84177.16840513455,84139.89695113194,50.7177081139746,-0.0014300890013813072,0.0011801040672401438,0
84171.44672410765,84140.68450102904,51.108385672230504,0.00010185406487450699,0.0010070062421305426,0
84172.10537928612,84143.78045548094,52.351051603755714,0.00031111643502890196,0.0010068356953052094,0
84179.7923034289,84149.84950498266,54.07019721626553,0.0004253057389900228,0.0008789950542481491,0
84169.01984274312,84147.67500452968,49.52256029144334,-0.0010047435867291954,0.0009585688904054836,0
84169.9678741945,84150.04636775426,51.98124098894972,0.0005685524070877523,0.0009657000449377652,0
84171.4482993556,84152.53033432204,52.17060229025904,4.2887474671404746e-05,0.0006817113388770504,0
84184.81063948448,84160.32394029276,55.36768015477793,0.0007233535569002303,0.0006845855791683595,0
84196.87451158758,84168.03358208432,55.72725573560557,8.155439108081808e-05,0.0006842879074748081,0
84187.19960927006,84166.25780189483,49.666283195822594,-0.001147009922116582,0.0007700779491264087,0
84158.77368741605,84155.2407289953,44.13328936865889,-0.0012291365859165015,0.0007342498808347594,1
84140.58494993285,84147.29429908663,45.57025132582913,0.00027080708005833287,0.0007416401424245621,0
84145.16995994629,84148.7684537151,51.24732126608242,0.001138128580219,0.0008325837378771062,0
84159.33796795704,84154.8813215592,54.07763747489813,0.0006237857712920736,0.0008464447106529926,0
84170.62837436562,84160.41847414472,54.06347339133345,-2.6123298884073165e-06,0.0007691715155180956,0
84174.6586994925,84163.17861285884,52.383730214657675,-0.0002969751871946258,0.000760111734790449,0
84178.36495959401,84165.90692078076,52.53676294611684,2.8625462313192074e-05,0.0007600783956973347,0
84169.14396767522,84162.84810980069,48.30949052623087,-0.0007236927357189282,0.0007487550784034503,0
84137.22917414019,84148.91373618245,41.13246720048877,-0.0014582991114227006,0.0008525520365133724,0
84105.77933931215,84133.55612380223,39.604286956416516,-0.0003522217766381841,0.0007980093389879854,0
84094.24547144973,84125.78829436567,44.698797903573556,0.0008112647800107009,0.0007658858272137438,0
84066.61837715979,84110.36299487788,39.814804225043936,-0.0010946111697217598,0.0008318806580771125,0
84061.29470172783,84103.96635897989,45.64672986883215,0.0009992125647555472,0.0008091511856016718,0
84049.03376138228,84094.513962709,43.48261174253427,-0.00047608281770583627,0.0007664296108934628,0
84038.02700910583,84085.37632973545,43.15275695327022,-7.130953229883552e-05,0.0007642053516595302,0
84018.82360728468,84072.34302703221,40.29554852317473,-0.0006189727837703218,0.0007725153055952555,0
84019.35888582775,84067.72093366564,46.16473116715253,0.0009469632666647687,0.0008644549963561999,0
84000.2431086622,84054.63539424149,40.84851285937378,-0.0011630356515891505,0.0009040714298624657,0
83973.89048692975,84037.71217658317,38.16972752874472,-0.0006589312349849497,0.0008162096080132289,0
83957.69638954381,84024.54925143924,40.041166171977196,0.0002914086436287544,0.0008253741784553776,1
83953.87511163505,84016.73477403568,43.48358367833313,0.0005443844367318817,0.0007963157038081734,1
83966.19208930804,84016.61888548697,48.810788077860956,0.0009157885544659461,0.000779350750143506,0
84000.68567144644,84027.71353226087,55.97349903445506,0.0014663967798307365,0.0008518130669326611,0
84023.08453715715,84035.43775660078,54.24961223872599,-0.00030877601330958626,0.0008404223256392593,0
84048.83962972573,84046.0215969098,56.4289965340465,0.00046580372899795996,0.0008429748313612507,0
84065.0737037806,84053.65690628164,54.85949221850807,-0.0002596496381661595,0.0008118332415218859,0
84080.33296302448,84061.6308238924,55.55168499397913,0.0001350291055475239,0.0007710766237385014,0
84095.3663704196,84070.16438535672,56.44629598858904,0.00016793166072770482,0.0006208594787940876,0
84111.78509633568,84079.91853214247,57.865647962781246,0.00026094551158273305,0.0005281860245538743,0
84134.12207706855,84092.96866558406,60.751615100899315,0.0005465833727935632,0.0005302385505311674,0
84151.80766165484,84104.7487868946,60.66214187827023,-1.0923321017264342e-05,0.0005416301783367912,0
84152.02812932388,84109.1270789951,54.15982510237435,-0.0008268569403324655,0.0006109497784464458,0
84147.9865034591,84111.19007181372,52.330431323275505,-0.00025061521936675657,0.0004135194144839183,0
84135.84120276729,84109.01461073974,48.59552663472996,-0.0005296450261031982,0.00043661964804800015,0
84125.57696221385,84106.78782794521,48.36693316282427,-3.2585197805135024e-05,0.0004006851660180284,0
84114.75556977108,84103.57711631383,47.22745320860033,-0.00015520098110810565,0.0003968239445114553,0
84099.94445581686,84097.86101483076,44.56169063668004,-0.00036599812040882806,0.0003997451363005134,0
84084.49356465349,84091.02728620978,43.03068735036036,-0.0002143009280026753,0.0003872727081255879,0
84083.68085172279,84090.06389655435,49.071844845717024,0.0006871953278333454,0.0004558718930132395,0
84083.56668137824,84089.43172414032,49.34036933274551,3.1874242317764256e-05,0.0003982626119421798,0
84086.34734510261,84090.1624764912,50.836177574667595,0.0001707834070361347,0.00041012829381954747,0
84077.07787608208,84085.60225135564,45.09719538507648,-0.0006833737091020975,0.00038553281840252246,0
84084.46230086568,84088.18386486877,52.528575246425575,0.000880533079485879,0.0004973117499816675,0
84096.81384069256,84093.45987715342,55.361671652386555,0.00038305157286533387,0.00047693911081835277,0
84100.70907255405,84095.53534286674,52.242638074630385,-0.00035569036850391367,0.00049526816259746,0
84102.20325804324,84096.68485715159,51.39764548524277,-9.641414284911054e-05,0.0004930656000773346,0
84094.0086064346,84093.46168831963,46.689533724698364,-0.0005582096771086231,0.0005141116114105883,0
84075.65288514768,84085.16789847238,41.53996600008454,-0.0007018693397657927,0.0005603227982684651,0
84050.52230811815,84072.87990770215,37.58767100934504,-0.0006217692077935544,0.0005276036245716513,0
84038.90784649452,84065.56809791105,42.385628500987316,0.0005056581298390483,0.000566126512829857,0
84024.16427719562,84056.44281628277,40.245985050568144,-0.00032455298065470206,0.0005606939851403509,0
84004.2214217565,84044.44346934797,37.22185379513719,-0.0004852010696337894,0.0005432641702245999,0
84007.4391374052,84042.24951758907,47.26321925844125,0.0011422177923119392,0.0006009838196751812,0
84008.12930992417,84039.39865235369,46.47650697943252,-0.00011211574915637179,0.0005755918636328118,0
84001.39344793934,84033.49422941243,43.46266076481368,-0.0004337532907936481,0.0005790477466460315,0
84000.83275835146,84030.32111764766,45.96257898711402,0.0002874683906830544,0.0005968173336052895,0
84010.38020668118,84031.98010695243,50.81203435660266,0.0005950099876677051,0.0006160351128588108,0
84025.81216534495,84037.0310063204,54.25889586463921,0.0004636604763172958,0.0005808728128852289,0
84024.07973227598,84035.22364210944,47.75004921604563,-0.0008371038087212623,0.0006137327288065745,0
84020.0277858208,84032.36876555403,46.60976306332278,-0.00015865808349824206,0.0005983145872174344,0
84024.78222865664,84033.40796868548,50.432989961336546,0.00047593073743557035,0.000601571312972947,0
84019.8277829253,84030.37178971407,46.50488037573955,-0.0005210378397931814,0.0006054973530593815,0
84009.46422634025,84024.70253610371,43.818974410063994,-0.0003809523356008704,0.0004924728510935784,0
84007.15138107221,84022.26594191247,46.9037041253039,0.0003559688981553677,0.0005091591016893908,0
84003.83510485778,84019.38449264769,46.23328719990383,-8.726408636394734e-05,0.000488909156152132,0
84000.00408388622,84016.22953877063,45.668415553318034,-7.012692020080813e-05,0.0004801141660356375,0
83981.58926710897,84006.38412615511,38.9844502061537,-0.0009138571463271905,0.0005031404439465475,0
83919.40141368718,83975.8628419592,26.21177023508703,-0.0028278614428933757,0.0009354219158495935,0
83880.10113094976,83952.8662199629,31.531519363677276,0.0006244722611812303,0.0009889424059753731,0
83848.6589047598,83931.95929087535,31.531050829912488,-1.1944163413879494e-07,0.000993616420963577,0
83833.87112380784,83917.66480988669,36.77491362020132,0.0006190660642508838,0.00100752168125085,0
83805.29089904627,83897.05619080608,32.45014753302536,-0.0009997049229171218,0.001029261110414189,0
83802.90471923703,83887.62926436916,41.5069092586216,0.0012234294811017676,0.001145503453848145,0
83799.54177538963,83878.39842215377,41.08569724446209,-8.676105123373024e-05,0.0011297489827275773,0
83791.58342031171,83867.61220195796,39.52084748805756,-0.0003143719918186072,0.0011283541225153037,0
83775.53673624937,83853.40654723451,36.75094328059531,-0.0005778431764659198,0.0011295541686688873,0
83770.3353889995,83843.96322475866,40.30521123892037,0.000456091079644505,0.0011333177125917688,0
83752.9743111996,83829.37838614424,36.488058294925644,-0.000788064124061405,0.0007099516790731878,0
83753.10944895969,83822.49398740385,42.697268200862034,0.000837918763704204,0.0007331212547885517,0
83742.51955916776,83811.37271582168,39.5229823476973,-0.0006386587330819982,0.0007638730775942894,0
83702.9736473342,83787.13792347425,32.06590431564719,-0.0018562688530107119,0.0009170095632245741,0
83656.40091786736,83758.31720315841,29.212821899779087,-0.0008938917675176405,0.0009082796295993705,0
83621.53473429389,83733.2038210531,30.28267243860421,0.00014328482375325358,0.0007646241947973104,0
83602.1277874351,83714.23074641191,34.088559104155834,0.0005082528499831263,0.0008110185869744176,0
83590.57822994809,83698.78976946537,35.85542300394141,0.00023801399589351568,0.0008294676603379841,0
83581.82458395849,83684.9734267867,36.080975173571694,2.9086337105965754e-05,0.0008255879744884863,0
83565.4596671668,83668.15766071518,33.62793682686355,-0.0005602847074591688,0.0007984482960085817,0
83544.98373373345,83649.5142370138,31.792024293587815,-0.00044215568862271404,0.000782188680249234,0
83506.33098698675,83622.44203364891,27.003290777208463,-0.001334242637582972,0.000742969956515767,0
83455.14478958941,83588.62003058993,23.530460513375772,-0.00121557179623899,0.0007781643344007024,0
83407.25783167154,83554.71911871812,22.46516457535489,-0.0004166946945598493,0.000625441177321829,0
83345.40426533723,83513.19828974374,19.27593404551382,-0.0014146367314537,0.0006899953506523577,0
83269.63341226979,83463.50299067612,16.46527991013403,-0.0015817470434603687,0.0007399869613509443,0
83199.70672981584,83414.09362788739,15.597851627428497,-0.000561069491258892,0.0006277422071927656,0
83117.76138385267,83357.35602535216,13.464214152838409,-0.0015680173661360985,0.0005773781542869902,1
83060.02310708215,83309.33002304741,17.134256449306704,0.00047215858730753624,0.0006671719570915594,1
83055.31848566572,83284.52729367945,33.299881854140835,0.0025043140047327217,0.0012609217650225565,0
83059.06878853258,83265.39481243587,35.74488539803032,0.00045245163271578903,0.0013009772845794067,0
83081.57903082608,83256.86982948716,41.718714249456156,0.0011742532898650904,0.0013557179487967933,0
83093.76522466086,83246.47348135196,40.508422643762955,-0.00034999919443678973,0.001311686319836453,0
83103.01417972869,83236.79498304724,40.40002415754809,-3.0068854067533124e-05,0.0013079535272597276,0
83100.46534378295,83223.47453004293,38.20925360584284,-0.0005982679097583654,0.0012398071254210417,0
83060.83827502637,83194.2795727663,31.302259542226224,-0.002261877353389341,0.0013494980919937023,1
83052.9966200211,83178.58415706028,38.85783033369635,0.0014390427868553601,0.00141628514172567,1
83090.39729601689,83184.16741550935,49.75172552416157,0.002630278398533026,0.0014800059685473497,0
83113.46383681352,83186.12765046304,48.29736656121118,-0.00041170110523791603,0.001510793680080175,0
83133.68506945082,83188.71331860275,48.713839221804704,0.00010624268304604279,0.0013286832247225689,0
83130.29405556066,83182.16938054794,44.44647224636723,-0.001175755639907905,0.001394489929991604,0
83134.18524444853,83179.22216413448,46.16063812355935,0.00039727260685062937,0.0013458225061756762,0
83129.16819555883,83172.84742194043,44.346506554731214,-0.0004888769960221806,0.0013502525851937905,0
83119.33455644707,83164.40674721857,43.0424072840714,-0.0003501421625310419,0.0013537965463066752,0
83093.18764515765,83148.42431565325,39.14834791971579,-0.0011001444390947857,0.0013844551568654767,0
83075.42611612612,83135.32937786658,40.154999949424415,0.0001901465984484041,0.0011626327995651617,0
83050.0048929009,83118.32852533326,37.76484796014644,-0.0006753860458930117,0.0010866102582772505,0
83038.12791432072,83106.71865939387,40.636156468522586,0.0005099560786763213,0.0005912561133464989,0
83041.57033145658,83102.04787217625,44.83015874564724,0.0007798471682702868,0.0006796636513379235,0
83055.65626516528,83102.95261106931,48.27545129760696,0.0006821957504479226,0.0007292725809798122,0
83066.52701213222,83103.59419188119,48.1616918968631,-2.394359418622649e-05,0.0006285434186088416,0
83089.21960970579,83110.53926534654,52.40879855004477,0.0008420165031866045,0.0006744562949086432,0
83096.52768776464,83111.92296849684,49.0547180477602,-0.0006519596840539599,0.0006903573641336213,0
83112.35615021172,83117.71815317895,52.093479152536176,0.0006004155631178509,0.0006990762918922558,0
83121.88492016938,83121.5619574354,51.06363751394216,-0.00018839643852586185,0.0005705884504083617,0
83107.1819361355,83114.9081431231,44.33899044868416,-0.001342352092352117,0.0007523243708952874,0
83102.22154890842,83111.95103920282,46.644400294426674,0.0004095203795091429,0.0007127619755302577,0
83085.77523912674,83103.59094472983,43.11637010492573,-0.0007509414150148608,0.0007546145500656038,0
83078.6221913014,83098.71994975439,45.26174936778689,0.00036159965810633743,0.0007195600926964414,0
83077.55975304112,83096.40995432218,46.934603623117766,0.00028055384942171635,0.000687355674019848,0
83062.04980243288,83087.64632211108,42.5310247869145,-0.0008823531890086445,0.0007361185872612354,0
83057.9918419463,83083.4748382828,45.65841526311933,0.0005030119875888417,0.000692799973629048,0
83051.44547355705,83078.1825802571,44.62485077059099,-0.00019869521069881824,0.0006719949766640902,0
83037.95637884564,83069.62052750644,42.06081325248743,-0.0004969571911005444,0.0006293907614338236,0
83032.36510307652,83064.2004795513,44.23519885829286,0.0003133134098138868,0.000652685442556651,0
83019.54008246122,83055.4767995921,41.5387661470744,-0.000503071919045861,0.0005288785234738758,0
83019.63206596898,83052.25163599281,45.93757964584036,0.0006238531756246335,0.00055534059890109,0
83016.30765277518,83047.77512362982,44.74738223722687,-0.00020464948205256572,0.0005061470050256097,0
83035.97012222015,83053.85193057256,53.30604582982353,0.0013446500313663012,0.0006605000795227665,0
82997.30809777613,83034.65266415688,37.90030947347261,-0.003272107843361294,0.0012403472802176184,0
82998.96847822091,83032.0124219608,47.660713712486775,0.0019669817458782823,0.0014025768415033986,0
83001.15478257672,83030.00220178254,47.892914007060966,5.168325369808713e-05,0.001392087416269155,0
82999.72382606138,83026.72927434776,47.059601819009636,-0.0001915434183150655,0.0013919972355822502,0
82985.40906084911,83017.76752213432,43.670620515395925,-0.0007934308504229381,0.0014059742242681457,0
82969.46324867928,83007.57774739484,42.54472365446833,-0.0002709574493100497,0.0014005696575784764,0
82959.32459894344,82999.5043158135,43.45924139369614,0.00015789026759094327,0.0013963274723698734,0
82930.28567915475,82982.652105285,38.22183241925787,-0.0012619579378709833,0.0014210191309936419,0
82904.9885433238,82966.39282298635,37.73832379251494,-0.0001247371674375497,0.00142151051813321,0
82876.39083465905,82947.81165726032,35.76666476790882,-0.0005048077503689852,0.0013083314575208266,0
82861.11266772724,82934.37423387301,38.89229210577806,0.00045914791812662337,0.0008617691744846938,0
82868.2721341818,82930.96839443,46.09616539591158,0.0011704106280192583,0.0006699651895587404,0
82855.07170734544,82919.26854039091,41.01145658447303,-0.0011416589593026272,0.000736790120294198,0
82848.70136587636,82910.53685490083,42.52289396942164,0.00025301238722064134,0.0007539322596671776,0
82845.4570927011,82903.44077718256,43.21546481517429,0.00011180439495106498,0.0007294729581769165,0
82841.95567416087,82896.57797925686,42.94286083989569,-5.468869216518346e-05,0.0007275449477401223,0
82780.8305393287,82863.8281629608,29.877089128392782,-0.003520792196353928,0.001295004452321526,0
82730.80243146297,82833.5428754189,29.688947294628846,-6.833354475532794e-05,0.0012677419523646175,0
82714.59994517038,82816.83806856265,38.496659856629044,0.0014430995306109473,0.001388776221588342,0
82706.65595613632,82803.9327896024,40.19623983810825,0.00030357003931902327,0.0013916347090707957,1
82701.20476490907,82792.61162691128,40.51515246476816,5.4671987428145385e-05,0.001379256940513604,0
82714.56181192725,82790.37329719208,46.533234278061954,0.0010714881820623745,0.0013690925160990445,0
82744.98144954181,82797.30845199281,52.31925372204212,0.0011921275362611894,0.001381034849154365,0
82717.05515963346,82779.85768362982,39.97988155432582,-0.0031533791756539475,0.0017133530202303807,0
82663.55012770677,82749.82789420892,34.72118706507473,-0.0018863185011624983,0.0017801206541808148,0
82585.49810216541,82706.50626746265,29.926518409232912,-0.0021375500867015784,0.0018477554654097463,0
82461.91848173234,82639.3329704206,23.790023958875864,-0.0037155436472758874,0.0018818511667723571,0
82287.13478538588,82543.75724583691,18.670313351409092,-0.004631098141216872,0.0022345686837289993,0
82121.5738283087,82445.17295076083,17.310451734547712,-0.0015770701573760704,0.002041528903346738,0
81909.04706264696,82319.15177341894,13.914249773914221,-0.0049152135182058965,0.002204578606641033,1
81726.39365011758,82198.84524856268,13.46545306853345,-0.0007791861082812046,0.002134142119248031,1
81600.64892009407,82098.73840778426,18.057168409083047,0.001257966773083652,0.002165069294296008,1
81566.92913607525,82038.13037071296,30.99745653155864,0.004123176411850116,0.002765554587485523,0
81549.5413088602,81987.39033701178,32.63985455931582,0.000588711692754984,0.002806148056996004,0
81502.59904708817,81926.24848819253,29.99134925152559,-0.002027000739690865,0.002809390455511269,0
81485.96723767054,81880.17498926594,33.663000859788625,0.0012864811990629388,0.002913697232816938,0
81441.94979013644,81824.32999024176,31.085728083204998,-0.00188603606214921,0.0027813887557950542,0
81381.87583210916,81762.2618093107,29.140870570894407,-0.001529547209726867,0.0024690302883671037,1
81337.59666568734,81707.55437210063,29.859444252112198,0.00023292620133830155,0.002451307600615884,0
81333.13333254987,81671.89306554603,35.61824607620261,0.0019073322385476654,0.0019402579734301344,0
81335.2006660399,81642.03642322366,36.63847436068689,0.0003466753112084664,0.0019018360414553347,0
81324.75853283193,81609.39583929424,35.34440768438037,-0.0007435138923873597,0.0019103260594196768,0
81328.47682626554,81585.20985390386,37.709054730713234,0.0007425907929814457,0.0013665310625060336,0
81358.61946101244,81575.57168536715,42.78088265592739,0.0016699582694834625,0.001466885659319399,0
81368.50556880995,81560.34244124286,40.90259823284084,-0.0008731063723141919,0.0013285852230643658,0
81355.23445504796,81536.87040112985,38.212987720500514,-0.0013008541538583884,0.0013271120918671576,0
81351.80156403838,81518.79763739077,39.66226848039208,0.0004418087344555399,0.0011839033037354895,0
81230.5812512307,81448.51603399162,27.998639970196905,-0.007282813570570479,0.002604131106055237,1
81182.96300098457,81407.05912181057,36.391166886506,0.0030563856651191212,0.0028336739332389996,0
81233.90240078766,81409.84101982779,48.13499049769974,0.005496435533714372,0.003316846614809479,0
81337.87992063013,81441.10910893434,54.55198303911196,0.0038818649750003154,0.0035215802670365277,0
81292.91993650411,81411.2882808494,42.952765824798945,-0.007837067859483793,0.004405403124048747,0
81270.7199492033,81390.436618954,44.322578855186435,0.0008486917276473438,0.0044080537804032155,0
81224.29395936264,81358.45056268545,42.05815441536218,-0.001765540898761686,0.004380790863917752,0
81175.58716749011,81324.11505698676,41.1447810510483,-0.0007136106390794872,0.004379706930401243,0
81030.9977339921,81244.89005180614,33.90361859757151,-0.006521549069186228,0.0047766353087504345,0
80857.12818719368,81146.41368346012,30.69785362392284,-0.0036169105202763507,0.004809104006582469,0
80758.71054975495,81075.37971223646,35.30262924076,0.0025372481729106777,0.0044757406005590744,0
80674.17843980396,81008.16792021495,34.94620672508012,-0.00036072899360206634,0.004304316078051883,0
80440.82875184318,80871.7372001954,26.660664589909643,-0.010314422976982485,0.004624370839160648,0
80122.01700147455,80687.64927290492,22.15119611120322,-0.008309412088907786,0.004389333872557823,1
79912.69560117964,80541.08206627719,26.767727344950742,0.0028998017293542233,0.004549448928853096,0
79733.25848094371,80402.39369661562,26.327244962900437,-0.0007575047666525947,0.00444397576933374,0
79610.62678475498,80285.82154237783,28.538491897539643,0.0013236641768181734,0.004619461539257777,0
79407.04942780398,80131.90503852529,24.539126074645594,-0.006665310079233988,0.004761649964768521,1
79287.43354224319,80011.63821684117,28.936564403699933,0.0027512719368225635,0.004896014172776127,0
79211.40283379456,79911.24201531014,30.907953785139142,0.0012474468325116561,0.004964342996092619,0
79119.90826703564,79806.03183210013,29.531739657304826,-0.0019434201761866499,0.004750570444405516,0
79086.79061362852,79728.60348372738,33.686938259550374,0.0025445079375723267,0.004947584256645085,0
79048.21649090282,79652.72316702489,33.05427666645265,-0.0007649993059278826,0.003919760889040881,0
79005.35119272226,79578.28378820444,32.402932784734915,-0.0007608951361524063,0.0029002058212056355,0
78971.62895417781,79510.87071654949,32.470968100363976,3.615196459305636e-05,0.0027162333131631952,0
78901.89516334225,79430.15156049954,30.02944544673383,-0.0027116798589084112,0.0028211618004285264,0
78792.44813067382,79332.37960045412,27.259207754036126,-0.003412489176189748,0.0028790055517170635,0
78689.95850453906,79236.70872768556,26.52589084960256,-0.0009528469653241611,0.0020783287197415003,0
78639.35480363126,79164.00247971414,30.74352766373991,0.002004854368932163,0.0019629083222086185,0
78594.765842905,79096.03952701285,30.49690634211842,-0.0002617389204626619,0.0018719873933358082,0
78385.570674324,78955.38047910259,22.34055165519942,-0.011064265757639413,0.003808034640733983,1
78216.5125394592,78826.73498100236,22.27761643901775,-0.00010973736663066891,0.0035776798864004078,1
78174.86403156737,78752.3290736385,33.39052064931424,0.006035443771933879,0.004357538664931137,0
78121.4552252539,78675.55552148954,32.3222504763324,-0.0012876839853005473,0.004355902694958852,1
78104.84018020313,78617.6304740814,35.22308564502191,0.0016758266371719177,0.004436564433656303,1
78065.47414416251,78553.11952189216,33.671103568629434,-0.0016705882413244888,0.004404252309317896,1
78122.95931533001,78534.9177471747,42.91474169094976,0.0057104526222657714,0.0047576662104707405,0
78143.61545226401,78506.85613379517,41.1562221867041,-0.0016165323810604093,0.004777147951909722,0
78149.98036181122,78476.72739435924,40.440464964328775,-0.0006493984627153893,0.0047232057627448224,0
78108.91228944898,78428.35581305384,37.26916936464706,-0.00295233387877325,0.004795360526810608,0
78083.63783155919,78387.82710277622,38.127211008750315,0.0004862425434255524,0.0030755766249761767,0
77974.93826524736,78310.76463888747,32.533294671970665,-0.005673064765523095,0.003658538966980152,1
77843.3466121979,78220.42058080679,30.13174727250248,-0.002877993256138134,0.0030637583776106244,1
77778.67928975832,78156.74689164254,34.84417709114696,0.0026259432274773342,0.003250921743197553,1
77776.94343180666,78121.5880833114,40.19306689258281,0.003224844785236769,0.0033993233111690763,0
77779.97074544533,78091.63280301038,40.65645514263429,0.0002839141056962813,0.0033703350738770884,0
77773.97859635626,78060.57618455488,40.0202006340197,-0.0005408005545037842,0.0026710388913588753,0
77775.81087708501,78035.35471323172,40.80582321123683,0.0004261092699537894,0.002677113699096222,0
77783.23070166801,78015.13246657429,41.546723710455126,0.0003827307563053495,0.0026933305771199905,0
77733.01656133441,77971.2258787039,36.86102918042096,-0.0036080131176176033,0.0027676633526639706,0
77708.68324906753,77938.50988973082,38.95244657489323,0.0010213826107772217,0.002794475581562461,0
77707.61859925403,77917.13262702801,41.38198459115929,0.0011855224783487994,0.0021420299596552565,0
77642.68687940322,77868.57147911638,36.007998076494786,-0.004123373815495213,0.0023661466181920518,0
77540.91550352258,77801.77679919671,32.476399473284545,-0.00321944262664553,0.0023913497165668077,1
77483.85240281807,77752.12436290609,35.79126151363573,0.0015786847353489453,0.002151311785961643,1
77490.48992225446,77730.75305718735,42.33652439666202,0.003384091250342891,0.002498090601098631,1
77474.89393780357,77701.82187017032,40.556417271891675,-0.0013484777024509453,0.002517876330136629,1
77521.23515024286,77702.25624560937,47.273543536395174,0.0037989983789443738,0.002849662727039805,1
77616.79412019429,77729.2356778267,52.96503057750108,0.003763258204579678,0.0031019511820279382,0
77634.99529615544,77727.28697984245,47.46948793086131,-0.0037337643814288057,0.003119504019544547,0
77697.41623692436,77747.26998167495,51.88697502811526,0.003079484942309474,0.0032429173395269223,0
77692.04498953948,77740.29634697724,46.9711666466846,-0.003547790745261903,0.0034596356737216826,1
77685.73799163158,77733.04304270657,46.79764511219383,-0.00012939265533817856,0.0031523408456079734,1
77644.89239330527,77710.17640246052,43.70104245626734,-0.0023049037406527306,0.0030484285219196765,1
77683.18191464421,77721.64582041866,50.66939209339445,0.004579544203513919,0.0033080846848882943,1
77740.54353171538,77744.22256401696,53.02772178943493,0.001717064291563597,0.0032011002071332378,1
77821.5668253723,77780.71687637905,56.00490546563924,0.0022530463323131578,0.0031614522952079422,0
77890.53546029785,77815.77988761732,56.35677850153267,0.00026552978118044024,0.0030007204857666874,0
77945.62836823828,77847.61807965211,56.347188814681246,-5.245219781735422e-06,0.0027875758329806385,1
78004.96069459063,77883.49734513828,57.78657489568526,0.0009759997953073807,0.0024193938505383235,0
78062.3685556725,77920.6339501257,58.741220742550155,0.0006353341651939015,0.0022698266408083655,0
78145.158844538,77971.15086375063,62.158449127513535,0.0023542635262863154,0.0018439470451014999,0
78171.52107563041,77998.95260340966,56.68967415710718,-0.0025402567296733958,0.002145860785906193,0
78174.52886050433,78016.00782128151,54.3540306793501,-0.0011550012730436876,0.0019862822293440704,0
78160.06308840346,78023.84347389228,52.19319731160561,-0.0010789578157678337,0.0015907395018622025,1
78168.65247072277,78040.13133990207,54.52001095129974,0.0012907446909304898,0.0015551120291553107,0
78203.16797657822,78067.5039453655,57.56933577676755,0.0017674511505376689,0.0014937039070263352,0
78224.25638126259,78089.42267760499,56.60476504129339,-0.0004163835569086505,0.0015084588368822855,0
78218.63110501008,78099.12334327726,53.289196077162174,-0.0014363682358810026,0.001593756964322664,0
78194.49688400807,78099.0175847975,50.50847458912361,-0.0012554329734731917,0.0016042740297890783,0
78160.18950720647,78092.10325890682,48.4292875453153,-0.0009603323825615462,0.0015931013029833708,1
78150.96560576517,78094.10023536984,51.06465644225901,0.0011677331903328092,0.0014026950149858878,1
78151.80648461214,78099.65203215441,52.250074241715524,0.0005261536109946174,0.0012212484024012465,0
78165.41518768971,78110.57912014038,54.13312000272914,0.0008275844067642257,0.0012016465547534006,1
78199.83215015178,78131.2082910367,57.422225015610685,0.0015040939096659933,0.0012112091286560968,1
78205.44172012142,78139.99662821519,53.56775612442369,-0.001399329822881712,0.0012646451453348767,1
78281.18337609713,78180.37420746835,62.40124278717732,0.0045542586607227875,0.0018575212878803337,1
78465.91870087772,78273.50927951669,72.29170285768285,0.007898666588618708,0.003003327267729397,0
78567.76896070217,78337.29661774244,65.43248713946743,-0.0028999483112526203,0.0031737987355252226,0
78677.63916856174,78408.18965249312,67.48571970732092,0.0017974003728007393,0.003078531290402718,0
78723.9893348494,78453.75332044829,61.70917353756309,-0.002625601134116029,0.0032544934087148894,0
78747.06346787952,78488.8084731348,59.84929329801226,-0.0008874735947140833,0.0033165058984424727,0
78745.55677430362,78511.60133921345,57.202547403725326,-0.0012662456925068843,0.0033883875572623726,1
78747.1174194429,78533.57939928495,57.48306554809685,0.00017564239969436457,0.003393004906194682,1
78745.91193555432,78552.44399934995,57.12531630663038,-0.00015580287622019018,0.0033890892805133344,1
78780.59554844347,78585.79727213632,60.92927318550452,0.0022636211919342397,0.0033564892451176773,1
78856.47643875478,78637.99752012391,65.39393295353761,0.0030495697315220394,0.003204008498346967,0
78952.75515100383,78701.62229102173,68.278959011539,0.002246968165740215,0.002112518236548038,0
79024.13012080308,78756.89571911067,67.31937230295584,-0.0003559460318255381,0.0018369779790845986,0
79016.91409664246,78777.90974464607,57.42268496765616,-0.004054740893382092,0.0022390728364647494,0
79031.40327731398,78806.2234042237,59.4454141071743,0.0012825990766958117,0.0020977063660861774,0
79025.49862185119,78824.01036747609,56.930375529586485,-0.0011060906296370687,0.002111736528836486,0
78975.89489748096,78819.78033406918,50.97287382370746,-0.002840438733863193,0.0022853766162279692,1
78931.82391798477,78813.94030369924,50.41735517810295,-0.00027850598927514625,0.002287126056608809,0
78935.76513438782,78826.44845790841,55.12247209300343,0.0024885868346531392,0.002415710720877221,0
78951.01210751027,78843.31677991673,56.494232623585994,0.0007659129595081193,0.0023229938684878808,0
78941.27168600821,78848.6797999243,53.310933734977155,-0.0013882701361819239,0.0021157586322177926,0
78907.28534880657,78841.64890902209,49.709293194157894,-0.0016599007050617232,0.0019418307674122378,0
78853.83027904527,78823.31809911098,46.329294271849584,-0.0016672307466142344,0.001959111992047346,0
78822.29022323622,78811.75554464634,47.95774085103404,0.0007136316488263184,0.0016466781788267379,0
78737.85017858898,78774.33140422395,40.90677143402142,-0.003761811413089955,0.0018452045795632347,1
78711.44014287119,78759.01036747631,46.763915570633124,0.0026238490287449068,0.00214549832420213,0
78736.01411429695,78765.85578861482,52.407107055413825,0.002907037394187073,0.0022176106115014667,0
78724.80929143757,78758.04980783165,48.656021543976266,-0.001957523316941434,0.002308972734265367,0
78680.38543315006,78734.83527984696,44.697598783290154,-0.002253431908163739,0.002204313288284758,0
78613.00834652006,78699.25934531541,41.43791685188681,-0.002027828600523196,0.002193513532711831,1
78584.80667721605,78678.59940483219,44.929195266630884,0.0016402126532513162,0.0023161388574280814,0
78563.01734177285,78660.16854984745,45.03519907935461,4.9189519828685135e-05,0.0022875522439746395,0
78556.84787341829,78648.53231804313,46.64855128190923,0.0007175454974306383,0.0022618443989786156,1
78523.47829873464,78625.0293800392,43.20074480771901,-0.0018103409087002476,0.0022971830075114268,1
78533.18463898772,78620.20943639927,48.453376088589195,0.002321852277076042,0.0021014453887269087,0
78590.14171119018,78638.18766945388,54.56775551998893,0.003130376835211557,0.0021707584611988526,0
78629.11536895216,78651.53515404898,53.649371745684704,-0.0004181787478161336,0.001967373133603244,0
78617.51429516173,78644.22377640817,48.003054809168326,-0.0027149834721096333,0.002060872258734614,1
78620.0114361294,78642.93070582561,49.57649098111659,0.0007495121298399798,0.0019329583590540983,0
78638.78914890351,78649.38245984146,51.81366755359824,0.0010670227648479358,0.0017851895320410253,0
78665.35531912281,78660.49496349224,53.347203375925865,0.0007332885297259839,0.0017418262826139077,1
78682.18025529826,78668.58451226568,52.654981225114156,-0.0002810656934566502,0.0017519501730161398,0
78717.6442042386,78685.94046569607,55.72916784497888,0.0013970885902994112,0.0017807541221894427,0
78780.93736339088,78717.59224154189,60.151488170570595,0.002214191061317816,0.0016728302479241401,0
78804.75189071271,78734.17567412899,55.5611167532942,-0.0016967357511840087,0.0017527129143247776,0
78803.80351257017,78740.16061284453,52.35266056567197,-0.0012674269623033085,0.0015347126128225457,0
78821.14681005615,78753.82964804047,54.89166352206611,0.0011486039151518135,0.001569327896004291,0
78829.75344804492,78763.8614982186,53.990005579227734,-0.0003338804206134416,0.0012335958607059326,0
78804.60275843594,78758.41954383509,48.746125791507886,-0.002031086863516385,0.0014360772404877528,0
78792.31820674875,78757.03413075916,50.024727703956515,0.0004978145964626979,0.0014041957769963518,0
78782.440565399,78755.75193705378,50.0161537883761,-3.1748781291751627e-06,0.0013828328382108138,0
78774.7944523192,78754.70267004888,50.06334580703864,1.6255427630396113e-05,0.0013801616668423272,0
78775.13556185536,78756.68424549898,51.31217212254659,0.00041006189534442683,0.0013017496449705718,0
78766.76244948429,78754.55567772636,49.52641906316469,-0.0005487677162605564,0.0010169896656474118,0
78788.16795958743,78765.39516156941,55.00764065720956,0.0017847601147518155,0.0011082783779418595,0
78803.28036766994,78774.33469233582,54.55091041580069,-0.0001275455382580004,0.001022470017639877,0
78816.28029413596,78782.87517485075,54.73397620709159,5.7694455994017346e-05,0.0009516899883788752,0
78806.77423530877,78781.59106804614,49.990499462303944,-0.0012619775656321774,0.0010271222714276181,1
78808.87738824701,78784.83642549648,52.16766672037037,0.0006162342299451673,0.0007949100025829818,1
78839.92791059762,78801.13584136043,58.10906442791201,0.0018630429947541494,0.0009620641245773929,0
78891.9423284781,78828.30531032766,62.72300348529496,0.001720654682068945,0.0010554607074871392,0
78913.55386278249,78843.91391847968,57.68694844366373,-0.0012642225031606058,0.001184165268055831,0
78917.17709022599,78851.89174407243,54.46878978226509,-0.0008649367088607862,0.001241252126651983,0
78925.5416721808,78861.62885824767,55.53720373788729,0.0003462488504297756,0.0012134193286587297,0
78936.73533774464,78872.52714386152,56.443773342434035,0.00028508466419263634,0.0010945968193607476,0
78951.98627019572,78885.29649441956,57.74143954213423,0.0003985742992254071,0.0010931100956209638,0
78962.88701615657,78896.31408583597,57.361428672198635,-8.226495415497581e-05,0.00109587970099065,0
78976.93361292526,78908.7509871236,58.56458645123568,0.00033706091740048905,0.0009725212801336682,0
78975.89689034021,78914.47817011236,54.731678858070836,-0.0007765098986348695,0.001026108732029064,0
78943.77951227217,78905.46288192032,46.39585029942538,-0.0019809615463758368,0.001052018426872523,0
78907.15360981775,78892.29807447302,43.881104684153286,-0.0006935200787766549,0.0008158046164362778,0
78895.9908878542,78888.57461315728,48.83620165048573,0.0011514633259122053,0.000894997211061703,0
78878.65871028337,78881.3705574157,46.77584388654715,-0.0005327747125158933,0.0008729743115062718,0
78884.6389682267,78883.84232492336,51.93420651684393,0.0012591148789109496,0.0009731653419596519,0
78897.71317458137,78889.85756811214,53.94224520305148,0.0005252915526527957,0.0009856097104809641,0
78889.7245396651,78886.94051646559,49.033111553231336,-0.0011683342408694841,0.001031709713808003,0
78854.56163173208,78871.21046951418,42.53187704743919,-0.001824297085753268,0.0011505685873510745,0
78799.91730538566,78844.85860864924,37.58621078235932,-0.001684200416419479,0.0011893746735192458,0
78751.24984430854,78818.65146240841,36.72722023708708,-0.000315087525868063,0.0011895299738256977,0
78715.00187544683,78796.04769309855,37.560762236037576,0.00017095958097956832,0.001087403631246082,0
78696.18350035747,78780.12608463503,40.7467854908347,0.0006478298780923097,0.0011173133723501242,0
78679.69080028599,78764.99825875911,40.4329352900366,-9.145149808109654e-05,0.0010178143204518503,0
78674.91064022879,78755.07023523556,43.19021308386528,0.0005351483176219141,0.0010464502131226053,0
78682.17851218303,78751.08657748686,46.69327914813244,0.0007050974886910755,0.0009730310827912048,0
78689.38880974642,78748.09961589714,47.13510667344063,8.867855611494058e-05,0.0009437367782411927,0
78699.51104779713,78747.36328717922,48.566966902870455,0.0002765560150426172,0.0009047283157819683,0
78701.7028382377,78744.0093519811,46.71849926667314,-0.00037503175006348144,0.000699321510934818,0
78701.10627059017,78739.89213816464,45.96878971847872,-0.00014928128367164284,0.0003893515420840465,0
78664.88301647214,78719.90103469513,36.4001255537884,-0.0022710661621941908,0.0008579333298073942,0
78637.11041317772,78702.27548608648,36.87751942594056,7.679573061580847e-05,0.000855798444995916,0
78573.21233054218,78667.30680553315,28.824663724710547,-0.002653897396047933,0.001142960858386402,0
78531.10386443375,78639.61255048469,32.26788262056081,0.0005752217700181195,0.0011808552670895013,0
78484.883091547,78608.7386822588,30.08732173194126,-0.000799743040914791,0.001148556998408757,0
78417.9044732376,78567.0342565989,25.6237226961632,-0.0019158365261813248,0.0011540347341887826,0
78382.54757859009,78537.40568781717,32.20382546688664,0.0011660910001394242,0.001280719051678252,0
78330.61806287208,78499.72335256106,28.661333310842934,-0.0015109701906107498,0.0012683790605300977,0
78266.43245029767,78455.1748659646,25.741163391028152,-0.001449126952532409,0.0012751920823742824,1
78235.64396023814,78424.02169633145,32.469457674624536,0.001317785008503547,0.0014435600310846797,1
78230.96516819052,78404.76972393767,38.31081629950543,0.0012771325046736504,0.0014631178851831062,1
78238.22613455242,78392.26974903424,41.32530263720085,0.0007034703642971873,0.001498406807291958,1
78267.93490764195,78391.76977184931,47.343771879990086,0.0015268195760500536,0.0013539235080626366,0
78330.36992611356,78408.8916107721,55.327627857719584,0.0024664876483619924,0.0015476149383177689,0
78353.99194089085,78412.49055524735,49.79230417094137,-0.0016751058251255335,0.0016375063553346787,0
78368.68955271268,78413.85323204304,48.95088840266874,-0.0002676916111057359,0.0014770058175702524,0
78363.55164217015,78407.41202913004,45.61167813345572,-0.0010771734601188188,0.0015101927370558882,0
78387.39331373612,78414.26184466366,51.5054073061085,0.001783950065736395,0.0014710387328813548,0
78405.3966509889,78420.00258605788,51.27634315063683,-6.816783711471874e-05,0.0013298820750672542,0
78413.52932079113,78422.3714418708,49.87653339348823,-0.0003994780153933064,0.0013375694295596618,0
78399.4974566329,78415.1894926098,45.495323859319655,-0.0013090523603097592,0.0014033401036046972,0
78405.99796530633,78416.71772055437,49.60950725668909,0.0011313018574514722,0.00142777378077611,1
78424.90437224507,78424.3370186858,52.589460481561424,0.0008737505099958298,0.0013748654781893547,1
78439.00149779607,78430.79638062345,52.33945065852828,-6.547726493055794e-05,0.0011070819387473262,1
78505.95319823685,78461.97489147587,62.68560132286878,0.003546322911447408,0.0014604199379324452,0
78577.36255858949,78498.4317195235,65.28714936233469,0.0011328645477886035,0.0014548395834315011,0
78597.3120468716,78514.67519956682,56.45724089249291,-0.0023571256482761704,0.0016566829323197388,0
78600.73163749727,78523.7419996062,53.813517158950866,-0.0007969281027225827,0.0016224605716878468,1
78601.38930999782,78531.039999642,53.36754643860597,-0.00013216406508675949,0.001623624920995806,0
78631.37744799825,78551.0663633109,58.60547143203757,0.0018740771782410626,0.0016938660893879285,0
78661.4539583986,78572.03851210081,59.6146074868831,0.00038640617244167785,0.0015863739621023438,0
78681.26516671889,78589.17228372801,58.54133239552984,-0.00026973248630135505,0.0015921009186569395,0
78687.15213337512,78600.22025793456,55.99648682655531,-0.0006324235330623651,0.001615394894930721,0
78697.58170670009,78612.8638708496,57.148349122829735,0.00036335593508884934,0.0016112280595512775,0
78694.34936536007,78619.09624622691,54.063966218657505,-0.0007350840050648344,0.0011624887012421745,1
78716.34749228806,78635.93658747901,59.11114056516276,0.0015622493849245522,0.0012202650460597494,0
78738.11799383044,78653.14235225365,59.91604044688581,0.0002647062331846417,0.00091982489094059,0
78763.89439506436,78672.58395659423,61.54941750606859,0.0005302872685384319,0.0008553389852077795,1
78777.2655160515,78686.96268781293,59.2929188507385,-0.00045963457466369206,0.0008805214299171035,0
78788.1124128412,78700.1024434663,59.32614380689478,9.514053843195924e-06,0.0006826162901730344,1
78837.37993027296,78730.49767587845,67.14158558185605,0.0025744784762435913,0.001040690876008974,0
78851.30794421837,78746.54515988949,59.42107537970904,-0.0016123348742225208,0.0011997816997889378,0
78882.5723553747,78770.28014535409,63.03515295872769,0.0012750449833234256,0.001206726164670161,0
78941.21788429975,78807.14558668554,68.14255390525821,0.0021285285990733094,0.0013275233122764295,0
78955.3543074398,78825.75962425958,59.51213835466295,-0.0020700769679625752,0.0015241057770245855,0
78978.77944595185,78848.18874932689,61.45531720814968,0.0007667199497798372,0.0014779384920722294,0
78987.07755676148,78863.83249938807,58.83454403229426,-0.000660280289678461,0.0015117829536203196,0
78947.66204540918,78857.12045398916,48.924706196423436,-0.0029140624298044093,0.001804424658850063,0
78862.21763632735,78826.51313999014,40.355515213723166,-0.0034212463510597813,0.0020909914768769064,0
78766.76010906188,78786.36921817285,36.86032116898615,-0.0017257926725832151,0.00212565230095172,0
78709.9100872495,78758.7456528844,40.83418857664634,0.001244882147627191,0.0019409546899389896,0
78642.29406979961,78723.57150262219,37.91903586576382,-0.0014102505131396992,0.0019314158021369804,0
78569.78125583968,78683.22227511108,35.6390178903614,-0.0011751671487064685,0.001807470233669474,1
78545.22100467175,78661.74570464644,42.41094278689565,0.0021365684322109946,0.0018089798965089353,0
78524.96480373741,78641.94518604221,42.32377299937869,-3.8752288488264064e-05,0.0017796575536015245,0
78519.96984298994,78629.04016912928,44.5852899257849,0.0007145230084057985,0.0017748835333423842,0
78500.48187439196,78610.26651739025,42.12690912743642,-0.0009867517180576213,0.001776563427936559,0
78478.92549951357,78590.48774308203,41.185110104633246,-0.0003803753844717761,0.0016074698827970115,1
78466.12239961086,78574.52613007458,42.220847825083695,0.00028331719662677557,0.0012469762628910183,1
78486.31791968869,78573.85102734053,48.86585894066521,0.0019408298753387232,0.0012657732427833247,1
78539.92633575096,78590.26093394593,55.62790421290045,0.002383440396807268,0.0014099157551067637,0
78599.84506860079,78612.92084904175,58.326876814076094,0.0010813369570903397,0.001279000789836341,0
78625.49805488063,78623.39259003795,53.72301659252009,-0.001413123773457814,0.001317253922429479,0
78645.5844439045,78632.71417276177,53.633807516937544,-2.7690236689359438e-05,0.001204630503863201,0
78665.17955512361,78642.79106614705,54.29479736477422,0.0002239414637592585,0.0011979191070613721,0
78645.41564409889,78635.84278740641,47.036649338545466,-0.0022503427581886948,0.0014473876152564544,0
78632.55851527912,78630.86889764218,47.6646558547592,0.00018799394550028659,0.0013975078973377448,0
78620.0068122233,78625.3171796747,47.20228988413649,-0.00014418219743084215,0.001388521059109235,0
78620.94544977865,78625.26107243155,49.746108923968585,0.0006987417557380304,0.0013965990291308348,0
78557.75635982293,78596.14642948323,38.20298415566203,-0.004066152239690535,0.0018237223198679848,0
78535.54108785835,78582.55857225748,44.36423553778322,0.001809335291488301,0.0017356303810339415,0
78526.18287028669,78574.03052023407,46.08322793434473,0.0005362878327037635,0.0016923083765581464,0
78510.69629622935,78562.64138203097,44.67001325495546,-0.0005096271758691095,0.0016586333797270524,0
78484.24703698348,78545.89671093723,42.219493095193556,-0.0008961264519830037,0.001662370890420845,0
78482.97762958678,78539.7151917611,46.67604242749171,0.0012688436681256299,0.0017398453389900464,0
78469.22210366942,78528.30471978281,44.3181792057693,-0.0008116934831334799,0.0016193162308474013,1
78467.31168293554,78522.06519980254,46.39961351429194,0.0005798694624188361,0.001634224639793541,1
78485.85134634844,78525.51472709322,50.77270976977992,0.0012788735919995187,0.0016959175062126568,0
78507.07907707876,78531.55793372111,52.113687474047076,0.0004070773412581108,0.0016848236987679834,0
78540.35726166301,78544.45903065555,55.44395772970633,0.001036746874585992,0.0009366952799599035,0
78569.43380933041,78557.3027551414,55.940872834175444,0.00015596108828042077,0.0008115747814000909,0
78581.88704746433,78564.06614103763,53.13043229547294,-0.0006867826368539554,0.0008632950324179387,0
78602.93763797147,78575.25467367057,55.595155108997915,0.00070505915553154,0.0008402670132341096,0
78607.23011037718,78579.7224306096,52.246718135770415,-0.0007973348631047372,0.0008250346650569532,0
78585.78408830173,78572.47493691782,46.29308760602048,-0.0015822060327327359,0.000942528221751489,0
78573.89527064138,78568.28085174346,47.65325579329224,0.00033554140127378673,0.0008976412723898893,0
78559.8682165131,78562.41531976679,46.56454962238786,-0.00028754682823628475,0.0008926614335161562,0
78519.81457321049,78543.97756342436,40.24312047402527,-0.0018363451635945438,0.000959748182292815,0
78479.3536585684,78523.38960311304,38.5956520996883,-0.0005371390359318884,0.0009334632588560958,0
78426.96692685473,78495.57418464821,34.933289292645185,-0.0012780028374241859,0.0008331503155662472,0
78400.85554148379,78477.46834968019,39.789125455023346,0.0010098773393447669,0.0009523019558778576,0
78358.34843318704,78451.18213607291,35.84679037037414,-0.0013805230661277923,0.0009922184491509263,0
78305.83474654963,78418.87285097537,32.846223899708335,-0.0011835527352423991,0.0008990037746053642,0
78254.6417972397,78385.32713725034,31.440175041283965,-0.0005878678719900554,0.0009003140466871475,0
78173.58143779177,78336.60103386393,26.170501082926094,-0.002569254759809292,0.001046092402233721,0
78039.07715023341,78260.64275805811,19.924302554295224,-0.00447376946291389,0.0014696997904790699,1
77912.86972018673,78183.13341641646,18.644378670271095,-0.0012002416483077871,0.0014266934905609245,1
77907.8197761494,78156.26856037861,40.03299847277336,0.0061954804694706045,0.002777451632756854,1
77942.25582091953,78149.33505488964,46.149062247009084,0.0024699689116192136,0.0029429318188129838,0
78001.40865673563,78157.39732262694,50.60537991036972,0.0020238217213115473,0.003005544622071458,0
78043.3509253885,78162.28120238813,49.84912995910856,-0.0003438226069628625,0.0029869547123234862,0
78021.5607403108,78141.56472944375,42.76858752412907,-0.003538115807573128,0.003162119429982278,0
78002.12059224864,78121.81884494887,42.53253531693185,-0.00012882629493515818,0.0031476997619999726,0
77925.42047379892,78076.07349540805,36.01390179142741,-0.003923548425678547,0.0033610844120634956,0
77802.35637903913,78006.43954128004,30.872080914628512,-0.003974819444097166,0.0034821723720199972,0
77718.62710323131,77949.82776480002,33.31827967320854,0.0009521395005309685,0.003241377150448279,0
77571.70168258504,77862.0252407273,27.605725820856037,-0.005165299001559931,0.003606509335292019,1
77467.80534606804,77788.40658247935,29.817436672988705,0.0008861581627350734,0.0028062521879603144,1
77431.04427685443,77742.55143861758,36.87382587008814,0.003008089838294037,0.0028857985350523585,1
77378.79542148355,77690.48312601598,35.006268514030396,-0.0014776667874333294,0.0026805079907472637,1
77381.14833718684,77663.21738728725,41.205416852103774,0.0028607045761424033,0.002990516299599418,0
77411.71866974948,77651.47035207931,44.883938430024585,0.001853456028745759,0.002978112712941971,0
77448.05493579959,77646.191229163,46.38004754445177,0.0007661155106146733,0.003004204529713005,0
77388.03794863967,77600.89839014817,38.0410272592906,-0.005740565563565836,0.00328168797658368,0
77361.98235891174,77569.70399104379,40.86336171821815,0.0014231093831762465,0.0031046433780267816,1
77403.9818871294,77569.9109009489,48.14384639682145,0.004067164256380318,0.003363348970409988,0
77359.18750970352,77534.465364499,41.31138613058883,-0.005052984337901356,0.0033433912529995066,1
77396.47400776282,77535.47942227182,48.633938962410475,0.0047371074453086415,0.0036328557090810785,0
77424.01320621026,77535.36038388347,48.43014256003608,-0.0001476550190713244,0.003540614339314518,0
77477.1425649682,77549.38762171225,51.40799741423815,0.002005438376395885,0.0035143767226792277,0
77486.77005197457,77547.1960197384,48.236841099820026,-0.0021158542848559447,0.0035231666801245638,0
77437.87404157966,77519.47729067128,43.286386387400405,-0.0036502931688864315,0.0036598536360265923,1
77391.21323326374,77490.8493551557,42.65796402002002,-0.0004883335281745671,0.0036379867146709567,1
77383.366586611,77478.22486832336,45.95981218134407,0.0019093429313832289,0.003189340027455616,1
77405.6472692888,77479.72897120306,49.021936733997535,0.001845977310471092,0.0032090889275048244,0
77448.31581543105,77492.38906473006,51.591762545765285,0.0016029468827380988,0.002974658550655778,0
77486.65265234484,77505.8082406637,52.03220514776043,0.0002706811825301525,0.0023724419503234734,0
77517.56212187588,77518.11658242154,52.05903490227217,1.5455950540976815e-05,0.0018745081034328552,0
77556.9516975007,77535.97052947413,53.76058950694932,0.0009442151847214308,0.0018886232841700235,0
77527.14535800056,77524.3295722492,46.35124230999272,-0.003945080526146283,0.0021829498436552494,0
77533.00628640046,77527.24961113564,49.95006399907835,0.0019187959061552906,0.0021954069720564466,0
77506.43902912037,77515.69691921421,46.4215322040871,-0.002015048393782859,0.0019352895252815426,0
77488.7232232963,77506.8026538311,46.87897160998711,0.0002285524695875285,0.0019199327841921275,1
77486.12457863704,77503.97786711917,48.430107487919074,0.0007475019330165367,0.0018438629440929184,1
77468.91166290964,77494.53078829015,46.5173780926588,-0.0009766929592015527,0.0017719788670509152,1
77512.88533032771,77512.1898075365,53.984896783567,0.003730229666488727,0.0020993665971709833,1
77559.37226426217,77533.38346139682,55.301103341169586,0.0007277756195940288,0.002108648281069339,1
77649.97781140974,77576.93041945164,60.979054869838066,0.003435319322114605,0.0023501363327779173,1
77751.98224912779,77629.93674495604,63.721710924362235,0.0018920069117218663,0.002389736014928891,0
77848.38579930224,77684.85158632367,65.04811018709589,0.00094677584442171,0.0017863091640050852,0
77926.0566394418,77735.02326029424,65.09899274812821,3.502313572112392e-05,0.0017854211751004519,0
77953.18731155344,77764.72205481294,59.17290839933658,-0.002237184218054078,0.0018262894848282744,0
77993.61784924276,77800.23277710268,61.20728320880485,0.0011994356772351278,0.001815181518472514,0
78028.5142793942,77833.67525191151,61.48891946647851,0.00016326459586779585,0.0018317505779218439,0
78051.58342351537,77861.8738653741,60.58900993973267,-0.00031010092352257157,0.001767198971315353,0
78039.40673881231,77873.58533215827,55.101643460547066,-0.0019599748463923206,0.0016898817845376604,0
77995.75939104985,77868.82030196207,49.73259729014212,-0.0021737207128541547,0.001865284100965071,0
77963.29951283989,77865.60572905642,50.112102542929335,0.00015792617869925252,0.0014572589119807753,0
