side,entry_price,exit_price,pnl,balance,prob_up_entry
SHORT,58844.2,58816.0,0.23961579900820268,500.2396157990082,0.01750096306204796
SHORT,58750.24,58176.01,4.889385891534463,505.1290016905427,0.0035285938065499067
SHORT,57726.0,58164.16,-3.8341011568570345,501.2949005336856,0.007095339708030224
SHORT,57804.01,58234.99,-3.7375966863199697,497.55730384736563,0.006574960891157389
SHORT,58268.54,58110.0,1.3537791568479576,498.9110830042136,0.0022636186331510544
SHORT,58115.52,58642.76,-4.5262587240575956,494.384824280156,0.004135609604418278
SHORT,59640.0,59915.26,-2.28176335901,492.10306092114604,0.007572434842586517
SHORT,59546.48,60013.01,-3.855489711760311,488.24757120938574,0.00840991921722889
SHORT,59659.31,60181.81,-4.2761030249412,483.9714681844445,0.012489993125200272
SHORT,62482.43,63289.58,-6.251958679345138,477.7195095050994,0.013038156554102898
SHORT,62828.01,63500.75,-5.115250711019779,472.6042587940796,0.011802132241427898
SHORT,63229.16,63297.38,-0.5099081268030291,472.09435066727656,0.02070983126759529
SHORT,62862.53,63386.0,-3.9312326395994552,468.1631180276771,0.024724243208765984
SHORT,63495.66,63376.01,0.8821975718027414,469.04531559947986,0.020336898043751717
SHORT,64430.0,63819.44,4.444828618538198,473.4901442180181,0.034360937774181366
SHORT,63834.0,63666.37,1.2433993306899875,474.7335435487081,0.019188567996025085
SHORT,63703.61,63531.99,1.2789506080398088,476.0124941567479,0.009579370729625225
SHORT,63506.25,63737.19,-1.731015851204574,474.2814783055433,0.017759274691343307
SHORT,63723.48,62696.0,7.6473339706083605,481.9288122761517,0.01044828537851572
SHORT,62628.85,62151.99,3.6694362649482644,485.59824854109996,0.030313774943351746
SHORT,62293.99,61142.01,8.97999101284693,494.5782395539469,0.025674136355519295
SHORT,60888.91,61291.5,-3.270090620147768,491.30814893379915,0.02131917141377926
SHORT,61400.01,61867.1,-3.7375421157991258,487.57060681800004,0.0071414741687476635
SHORT,61750.47,61350.0,3.1620391053283607,490.7326459233284,0.005112433806061745
SHORT,61284.76,61729.48,-3.561058610575008,487.1715873127534,0.014201548881828785
SHORT,61828.07,60790.0,8.179427396678358,495.35101470943175,0.013169718906283379
SHORT,60924.0,61106.01,-1.4798574976571628,493.8711572117746,0.015639465302228928
SHORT,61167.38,60918.0,2.0135174857165734,495.88467469749116,0.004242622293531895
SHORT,61025.98,60641.5,3.124206112342531,499.00888080983367,0.004020554944872856
SHORT,60590.0,60638.01,-0.3954021516369215,498.61347865819675,0.007172616198658943
SHORT,60577.78,61036.0,-3.771591963105254,494.8418866950915,0.008809834718704224
SHORT,60932.0,61075.99,-1.1693737816783505,493.67251291341313,0.004126911051571369
SHORT,61036.0,61409.11,-3.0177952567849085,490.65471765662824,0.006303232628852129
SHORT,60952.0,61626.82,-5.432202660602498,485.2225149960257,0.02260703779757023
SHORT,62848.0,63344.71,-3.8348853650661003,481.3876296309596,0.02458101697266102
SHORT,62471.08,62785.78,-2.425005091073524,478.9626245398861,0.029784681275486946
SHORT,62680.0,62842.01,-1.2379823676086084,477.7246421722775,0.010430339723825455
SHORT,62656.0,62400.02,1.9517357300699312,479.67637790234744,0.011505773290991783
SHORT,62347.21,62524.09,-1.3608493102316221,478.3155285921158,0.008620856329798698
SHORT,62311.52,60902.01,10.819677014874143,489.1352056069899,0.006104099564254284
SHORT,60840.0,60905.75,-0.5286101211153765,488.60659548587455,0.017432264983654022
SHORT,60940.01,59540.61,11.220150271109814,499.82674575698434,0.00794787984341383
SHORT,59686.01,60198.77,-4.293990537386391,495.53275521959796,0.013566315174102783
SHORT,59967.68,60578.55,-5.04782066241343,490.48493455718454,0.008399737998843193
SHORT,60396.72,60872.37,-3.862778626424181,486.62215593076036,0.0060303402133286
SHORT,67021.99,67471.18,-3.2614042976422137,483.3607516331181,0.02859332226216793
SHORT,66860.01,67458.01,-4.32320799049546,479.03754364262267,0.05146874859929085
SHORT,67312.0,67461.29,-1.062448224542497,477.9750954180802,0.06995616108179092
SHORT,67480.01,67763.0,-2.004477655714092,475.9706177623661,0.043274667114019394
SHORT,67670.0,67469.96,1.4070217581968536,477.3776395205629,0.028793420642614365
SHORT,67415.75,67368.0,0.33812250530635407,477.71576202586925,0.034234557300806046
SHORT,66984.0,67440.43,-3.2551625053962927,474.46059952047295,0.03323454409837723
SHORT,67102.0,67510.3,-2.8869819496320424,471.5736175708409,0.04523978754878044
SHORT,67420.12,66800.0,4.337462344001011,475.91107991484193,0.025674983859062195
SHORT,66536.99,66057.79,3.4275158749320647,479.338595789774,0.025446545332670212
SHORT,65904.13,66475.62,-4.156601628879626,475.18199416089436,0.03081422485411167
SHORT,66472.0,67432.01,-6.862731168227177,468.3192629926672,0.023839008063077927
SHORT,67418.01,67399.99,0.12517594510907373,468.4444389377762,0.060871366411447525
SHORT,67353.0,67258.96,0.6540542371936744,469.0984931749699,0.06037638336420059
SHORT,67297.9,66698.33,4.179289153939579,473.2777823289095,0.024046411737799644
SHORT,66639.91,67061.12,-2.991440635120269,470.2863416937892,0.07262454926967621
SHORT,71160.02,70620.56,3.565213583275191,473.8515552770644,0.15909239649772644
SHORT,70476.0,69579.89,6.025074028028458,479.8766293050929,0.05132373794913292
SHORT,69561.16,69647.5,-0.595627619985058,479.2810016851078,0.11003410071134567
SHORT,70279.17,71200.44,-6.282760715905442,472.99824096920236,0.04028384014964104
SHORT,69945.71,70032.61,-0.5876492945774795,472.41059167462487,0.15312716364860535
SHORT,70224.01,69408.95,5.483067356169508,477.89365903079437,0.13155828416347504
SHORT,69438.16,69571.57,-0.9181665103352281,476.9754925204591,0.052707307040691376
SHORT,69559.99,68666.67,6.125529158045871,483.101021678505,0.04848659783601761
SHORT,67777.0,68454.55,-4.829442100392029,478.27157957811295,0.04957123473286629
SHORT,68414.82,68456.25,-0.2896271822672046,477.9819523958457,0.04196187108755112
SHORT,68640.0,69321.98,-4.749040383084495,473.23291201276123,0.03408403322100639
SHORT,68883.52,68970.01,-0.5941902295350069,472.63872178322623,0.035543639212846756
SHORT,68891.99,69154.23,-1.7991174068339442,470.8396043763923,0.03426200896501541
SHORT,68382.57,68020.01,2.4963613821871604,473.33596575857945,0.06016332656145096
SHORT,67977.87,67687.93,2.0188780541674016,475.3548438127468,0.05181008577346802
SHORT,67703.98,68243.0,-3.784500821250822,471.570342991496,0.058992885053157806
SHORT,68357.99,68918.0,-3.8632515054738494,467.70709148602214,0.019107652828097343
SHORT,88720.03,89393.5,-3.5503447744899663,464.15674671153215,0.10368814319372177
SHORT,89166.51,88816.01,1.824529632508801,465.98127634404096,0.13339181244373322
SHORT,88812.12,89616.02,-4.217919221531713,461.76335712250926,0.13835585117340088
SHORT,89074.36,88227.22,4.391591591034294,466.15494871354355,0.07092495262622833
SHORT,87914.52,88105.61,-1.0132290905946995,465.14171962294887,0.1564682126045227
SHORT,88199.87,88397.6,-1.0427733308569607,464.0989462920919,0.11804743856191635
SHORT,88364.07,88182.67,0.9527350749845406,465.05168136707647,0.029509052634239197
SHORT,88090.91,88805.08,-3.7702636887497536,461.2814176783267,0.032762620598077774
SHORT,88490.25,89152.01,-3.449618358664466,457.83179931966225,0.060293521732091904
SHORT,89482.01,90247.86,-3.918446663289829,453.9133526563724,0.04747776314616203
SHORT,90285.34,90985.11,-3.518123172470182,450.39522948390226,0.02419154904782772
SHORT,90456.01,89855.99,2.9875974586423344,453.38282694254457,0.00816915463656187
SHORT,89798.56,90572.65,-3.90829332350043,449.47453361904417,0.013851260766386986
SHORT,90340.91,90217.79,0.6125608495551007,450.0870944685993,0.02994680218398571
SHORT,90374.2,91887.99,-7.539069145127987,442.5480253234713,0.040128424763679504
SHORT,90450.09,90608.26,-0.7738833777325457,441.77414194573873,0.030262282118201256
SHORT,90598.18,91715.8,-5.44972996721793,436.3244119785208,0.02460762858390808
SHORT,90248.0,91042.94,-3.843317614331707,432.4810943641891,0.0288713201880455
SHORT,90714.26,91428.0,-3.402762215019958,429.07833214916917,0.009570073336362839
SHORT,91142.28,91964.01,-3.8685288307131986,425.20980331845595,0.02243436500430107
SHORT,96899.99,96537.56,1.5903901436595809,426.80019346211554,0.0005498367245309055
SHORT,96260.0,96974.89,-3.1696986318733607,423.6304948302422,0.0005751514690928161
SHORT,97620.33,97898.8,-1.2084407407286863,422.4220540895135,0.00010697076504584402
SHORT,97701.76,96109.61,6.883798955296322,429.3058530448098,0.0002224971540272236
SHORT,96140.0,95669.35,2.101651755102335,431.40750479991215,0.005234810058027506
SHORT,95458.45,94404.49,4.763184964336979,436.1706897642491,0.0025600988883525133
SHORT,94270.51,94244.02,0.12256390224101701,436.29325366649016,0.01478735264390707
SHORT,94277.32,94857.15,-2.683316806984293,433.60993685950586,0.01726500317454338
SHORT,94618.7,93568.0,4.815051999850758,438.42498885935663,0.0033525782637298107
SHORT,93546.59,92356.85,5.575956817298518,444.00094567665514,0.008478301577270031
SHORT,92609.99,92909.27,-1.4348409175091013,442.566104759146,0.01587759144604206
SHORT,93274.15,94224.0,-4.506837259899723,438.0592674992463,0.003944389522075653
SHORT,94551.08,91730.16,13.069445096491423,451.12871259573774,0.004298596177250147
SHORT,91700.08,92427.99,-3.5810339662251884,447.5476786295126,0.008905371651053429
SHORT,92219.54,92559.2,-1.6483930035142478,445.89928562599835,0.006745823659002781
SHORT,92753.86,93124.05,-1.7796289722701502,444.1196566537282,0.0034166977275162935
SHORT,93204.0,93869.0,-3.16874352683073,440.9509131268975,0.001658358029089868
SHORT,93085.5,93827.99,-3.5172142115323424,437.43369891536514,0.002246340736746788
SHORT,94820.01,95565.32,-3.4383429208519964,433.99535599451315,0.0010066633112728596
SHORT,94972.0,95590.79,-2.827696440380761,431.1676595541324,0.000911914452444762
SHORT,96483.75,96882.39,-1.7814468841090871,429.3862126700233,0.0007288084598258138
SHORT,96700.0,95690.65,4.48191286203196,433.8681255320553,0.0007167120347730815
SHORT,95577.74,96718.02,-5.176217246627595,428.6919082854277,0.0007518728962168097
SHORT,96321.27,97160.0,-3.732890609065201,424.9590176763625,0.0010737936245277524
SHORT,96396.0,95367.99,4.531952775649118,429.49097045201165,0.0014317475724965334
SHORT,95515.42,96223.74,-3.1850045174964468,426.3059659345152,0.004869565833359957
SHORT,96026.25,96144.0,-0.5227479724428405,425.78321796207234,0.0009075613343156874
SHORT,96035.49,94703.04,5.907554059166719,431.69077202123907,0.0003929124213755131
SHORT,95235.25,95828.0,-2.6868696739452163,429.00390234729383,0.0030777258798480034
SHORT,95631.96,95867.97,-1.058738218823313,427.94516412847054,0.00100860302336514
SHORT,95815.28,96513.19,-3.1171146136284684,424.82804951484206,0.00032284960616379976
SHORT,95391.99,96419.2,-4.5746778187784285,420.25337169606365,0.003471922827884555
SHORT,95822.99,95546.62,1.2120830745903939,421.46545477065405,0.0012580652255564928
SHORT,95924.37,96660.0,-3.232157088891344,418.2332976817627,0.0008587893098592758
SHORT,99028.0,99072.84,-0.18937655075381507,418.04392113100886,0.0008034612983465195
SHORT,99217.39,96211.68,12.66430002021515,430.708221151224,0.0007060075295157731
SHORT,96589.04,97112.02,-2.3320636119550495,428.37615753926895,0.05009864270687103
SHORT,96383.74,97479.98,-4.872223042401574,423.5039344968674,0.048936568200588226
SHORT,97551.99,98301.13,-3.252252849880184,420.2516816469872,0.008004474453628063
SHORT,98118.38,98068.58,0.2132988105390775,420.4649804575263,0.0007807408692315221
SHORT,98056.01,98604.0,-2.3497856443569494,418.11519481316935,0.00018485575856175274
SHORT,98656.01,98747.99,-0.38982151841453555,417.72537329475483,7.114324398571625e-05
SHORT,99211.99,99802.65,-2.4869339783455002,415.2384393164093,7.987658318597823e-05
SHORT,99618.18,99440.0,0.7427076575520098,415.9811469739613,0.00021172197011765093
SHORT,99576.51,99092.95,2.0200732424818555,418.00122021644313,0.0001435319718439132
SHORT,99019.99,100156.26,-4.796629917810839,413.2045902986323,0.0001646947202971205
SHORT,98283.72,98227.77,0.2352250894370645,413.43981538806935,0.0019703225698322058
SHORT,97960.35,96991.99,4.086945173523698,417.52676056159305,0.0003904007899109274
SHORT,96892.0,97293.09,-1.72837601033778,415.79838455125525,0.0008359799394384027
SHORT,97425.2,96931.99,2.1049576623349973,417.90334221359024,0.000511628168169409
SHORT,96348.47,97240.41,-3.8687143351003948,414.03462787848986,0.002314323326572776
SHORT,97157.57,97770.81,-2.61330738510855,411.4213204933813,0.00030822609551250935
SHORT,97738.36,96319.77,5.971434051468674,417.39275454485,0.00020070177561137825
SHORT,95271.23,95339.7,-0.29997389457117735,417.0927806502788,0.01966860331594944
SHORT,95132.03,95901.91,-3.3754287590313834,413.71735189124746,0.02718985825777054
SHORT,95988.0,96705.89,-3.094173748272763,410.6231781429747,0.0018063035095110536
SHORT,96936.41,97330.66,-1.6700452181266745,408.95313292484803,0.00029882299713790417
SHORT,97207.29,97954.31,-3.1427290006492505,405.8104039241988,0.0011127425823360682
SHORT,99472.0,100248.0,-3.16580418052495,402.64459974367384,0.00017535655933897942
SHORT,99763.98,100418.32,-2.6408977207633337,400.0037020229105,0.00031571160070598125
SHORT,99579.23,100078.34,-2.004894471634847,397.99880755127566,7.483587978640571e-05
SHORT,99873.16,100897.01,-4.080085972160794,393.91872157911484,0.0002501679118722677
SHORT,105527.35,106444.01,-3.421762560347706,390.49695901876714,3.962728442274965e-06
SHORT,105332.84,104500.0,3.087560226698427,393.5845192454656,7.177549832704244e-06
SHORT,104531.03,104618.69,-0.3300610254874459,393.2544582199781,3.7801378311996814e-06
SHORT,104656.18,101376.38,12.32412622044761,405.57858444042574,5.230236183706438e-06
SHORT,101248.06,100534.56,2.85813199777107,408.4367164381968,0.00039327930426225066
SHORT,101090.89,101548.54,-1.8490396442047285,406.5876767939921,0.0003643048112280667
SHORT,101612.81,102483.39,-3.483488938681193,403.1041878553109,1.5920624719001353e-05
SHORT,102409.34,100679.86,6.80758835875715,409.911776214068,8.220275958592538e-06
SHORT,100057.83,101098.12,-4.261806614012444,405.64996960005556,0.0005173414829187095
SHORT,100716.3,98932.73,7.183595071300014,412.8335646713556,0.00047728230128996074
SHORT,98696.96,96932.1,7.38212651074452,420.2156911821001,0.0009409523918293417
SHORT,96409.54,97521.91,-4.848434381081313,415.3672568010188,0.009081951342523098
SHORT,97864.23,98391.21,-2.236672551237605,413.1305842497812,0.004516997840255499
SHORT,97949.54,97188.0,3.2120157494315524,416.3425999992127,0.0010445157531648874
SHORT,97546.65,97767.94,-0.9444963405081533,415.39810365870454,0.001337320194579661
SHORT,97721.96,97281.37,1.8728671681471987,417.27097082685174,0.0004981763195246458
SHORT,98039.82,94722.01,14.121056114944395,431.39202694179613,0.0006944401538930833
SHORT,94971.98,93643.6,6.033911694259035,437.42593863605515,0.005397668574005365
SHORT,93777.1,95480.35,-7.944857859561179,429.48108077649397,0.017192646861076355
SHORT,95204.0,95971.99,-3.4645306418379906,426.016550134656,0.021293029189109802
SHORT,95627.99,97065.35,-6.403346431327828,419.61320370332817,0.008806371130049229
SHORT,97207.69,97584.33,-1.625829366409399,417.9873743369188,0.004236655775457621
SHORT,97232.9,96408.85,3.542448037879502,421.5298223747983,0.0003073589759878814
SHORT,96623.29,97463.93,-3.667385263751102,417.8624371110472,0.0012220925418660045
SHORT,97632.41,98691.98,-4.534913175755367,413.3275239352918,0.0006310308235697448
SHORT,98236.74,97564.56,2.828172993513698,416.1556969288055,0.00012447152403183281
SHORT,97493.96,97851.2,-1.524888938461859,414.63080799034367,0.0008688121451996267
SHORT,97826.37,96739.99,4.604552097604638,419.2353600879483,0.00021871451463084668
SHORT,96740.01,97190.0,-1.9500899336890525,417.28527015425925,0.0002845090057235211
SHORT,96940.27,96184.93,3.251406829775911,420.5366769840352,0.00035944662522524595
SHORT,96124.49,95592.49,2.327455908015798,422.864132892051,0.0007042119977995753
SHORT,95509.81,95547.41,-0.16647181474597772,422.697661077305,0.001400799723342061
SHORT,95390.78,95462.19,-0.3164335167144225,422.38122756059056,0.0013301781145855784
SHORT,95540.0,96350.06,-3.581265827901749,418.7999617326888,0.001969004515558481
SHORT,96090.91,95939.57,0.6595960659402994,419.45955779862913,0.000897236808668822
SHORT,95895.99,93980.61,8.378081792745858,427.83763959137497,0.0005619061994366348
SHORT,93411.99,94050.0,-2.922159055124394,424.9154805362506,0.008046608418226242
SHORT,94072.42,94947.7,-3.9535500607273653,420.9619304755232,0.005711287725716829
SHORT,94772.64,94560.78,0.9410415768785658,421.90297205240176,0.002896097721531987
SHORT,94541.31,94581.55,-0.17957626772244606,421.7233957846793,0.0005554346716962755
SHORT,96702.38,96280.0,1.8420180342152455,423.56541381889457,0.001665335614234209
SHORT,95796.58,96339.0,-2.398314759917763,421.1670990589768,0.001329116290435195
SHORT,95921.16,96193.35,-1.1951218343571375,419.9719772246197,0.0021120079327374697
SHORT,95917.03,96020.49,-0.4529988132833339,419.5189784113364,0.0005224882042966783
SHORT,96080.13,97298.54,-5.319998198234622,414.1989802131018,0.002445952035486698
SHORT,96585.34,94572.97,8.62989768231319,422.82887789541496,0.0044568367302417755
SHORT,94621.07,95002.52,-1.7045682898450154,421.1243096055699,0.002129647880792618
SHORT,93352.65,93861.89,-2.2972389474057886,418.82707065816413,0.0033090210054069757
SHORT,93783.0,93986.74,-0.9098858788468742,417.91718477931727,0.0017716906731948256
SHORT,92680.52,92538.03,0.6425192657443759,418.55970404506166,0.0048272814601659775
SHORT,93964.0,94583.99,-2.761726096280492,415.7979779487812,0.002231304068118334
SHORT,93928.98,92871.23,4.682370778170102,420.48034872695126,0.0012607354437932372
SHORT,92784.75,92840.25,-0.2515139541179527,420.2288347728333,0.017687220126390457
SHORT,92813.02,94097.36,-5.815096865204251,414.41373790762907,0.0013403536286205053
SHORT,93718.73,94401.14,-3.0175406654096264,411.39619724221944,0.00558202899992466
SHORT,93825.86,93888.31,-0.27382314979873756,411.1223740924207,0.0022937252651900053
SHORT,99979.69,97119.6,11.76085853954927,422.88323263197,0.0001933934399858117
SHORT,97164.0,96109.35,4.590113635660378,427.47334626763035,0.0003316894581075758
SHORT,95945.99,95561.77,1.7118360976102196,429.18518236524056,0.0011117163812741637
SHORT,95346.72,94030.82,5.923274355682273,435.10845672092285,0.0020908555015921593
SHORT,94387.37,94759.29,-1.7144829570274653,433.39397376389536,0.010127538815140724
SHORT,94785.75,94805.56,-0.0905783265972129,433.30339543729815,0.0014277527807280421
SHORT,94776.99,93640.16,5.197382814488884,438.50077825178704,0.0025652325712144375
SHORT,93300.76,92863.8,2.0536520824149544,440.554430334202,0.00436456548050046
SHORT,92954.54,93920.0,-4.575760154484764,435.9786701797172,0.008568605408072472
SHORT,94244.02,92183.46,9.532278107677492,445.5109482873947,0.004244782496243715
SHORT,92277.94,92592.77,-1.5199755418177014,443.990972745577,0.015603805892169476
SHORT,92456.32,93113.97,-3.1581471469567983,440.83282559862016,0.007387039717286825
SHORT,93102.52,93837.69,-3.4809698856200195,437.35185571300013,0.0013450230471789837
SHORT,93744.08,94811.12,-4.978148210745665,432.3737075022545,0.0005461421678774059
SHORT,93548.0,94409.6,-3.982267781074386,428.3914397211801,0.011023865081369877
SHORT,94295.2,93269.55,4.659618730858238,433.0510584520384,0.007841055281460285
SHORT,94104.01,94363.64,-1.194774232319164,431.8562842197192,0.027705103158950806
SHORT,94218.01,94807.18,-2.700510942374306,429.1557732773449,0.00438893074169755
SHORT,94334.39,91833.03,11.379445873821961,440.53521915116687,0.000996992806904018
SHORT,92397.73,92043.02,1.691191413307524,442.2264105644744,0.007807816378772259
SHORT,91717.09,92965.1,-6.017449775702384,436.208960788772,0.01616017147898674
SHORT,97618.89,98414.57,-3.555487528288998,432.653473260483,0.0016865836223587394
SHORT,103684.44,101331.57,9.81803419713111,442.4715074576141,0.0001174060016637668
SHORT,101408.0,100692.82,3.1205306554071943,445.5920381130213,0.0010507932165637612
SHORT,101016.41,101926.42,-4.014132066297252,441.5779060467241,0.00020932011830154806
SHORT,101795.9,102485.74,-2.9924398006921322,438.58546624603196,0.00015463208546862006
SHORT,102480.01,104689.49,-9.455949662390548,429.1295165836414,1.7068608940462582e-05
SHORT,104513.09,105620.01,-4.545000482683672,424.5845161009577,2.6807932954397984e-05
SHORT,104231.73,102963.32,5.166826321194262,429.751342422152,0.0005815459880977869
SHORT,103923.06,103400.0,2.1630015240826324,431.9143439462346,0.005513165146112442
SHORT,103608.0,102149.1,6.081768168318645,437.9961121145533,2.4435743398498744e-05
SHORT,100480.0,101242.68,-3.3245509035382512,434.67156121101505,0.0017712825210765004
SHORT,101498.24,102386.01,-3.8019218057012147,430.8696394053138,0.0010377907892689109
SHORT,102428.14,102898.0,-1.9764920926122411,428.89314731270156,0.0008935881778597832
SHORT,103061.27,102176.04,3.6839161869015205,432.57706349960307,0.00025938614271581173
SHORT,102373.32,103182.64,-3.4197705909263734,429.1572929086767,4.032429933431558e-05
SHORT,102996.01,103863.42,-3.6142694017168044,425.5430235069599,1.0747256965260021e-05
SHORT,103758.61,103943.0,-0.7562348619015622,424.7867886450583,8.600130240665749e-05
SHORT,104620.0,104949.99,-1.3398527278243684,423.44693591723393,6.6493789745436516e-06
SHORT,104387.02,104265.98,0.49099990710938207,423.9379358243433,2.374886389588937e-05
SHORT,104426.0,102889.95,6.235897825474374,430.17383364981765,1.2738556506519672e-05
SHORT,102857.24,102164.9,2.895533187446194,433.06936683726383,1.932745180965867e-05
SHORT,102512.28,104940.95,-10.260064249440745,422.8093025878231,1.8374179489910603e-05
SHORT,103537.99,105041.55,-6.139960366228341,416.6693422215947,0.001128951902501285
SHORT,103770.04,104846.04,-4.320478359943152,412.3488638616516,4.510124563239515e-05
SHORT,103284.48,103658.15,-1.4918252961062661,410.85703856554534,0.00037319440161809325
SHORT,103831.13,104110.82,-1.1067259415976518,409.7503126239477,9.972675798053388e-06
SHORT,104777.25,105076.01,-1.168354804115662,408.58195781983204,5.7120028031931724e-06
SHORT,102987.28,101816.79,4.643690908319344,413.2256487281514,4.407177766552195e-05
SHORT,101491.82,99158.54,9.499988685437177,422.7256374135886,6.925861089257523e-05
SHORT,99048.02,99761.99,-3.0471424198502772,419.6784949937383,0.0022510772105306387
SHORT,100619.68,101628.22,-4.206558292979922,415.47193670075836,0.0001542059617349878
SHORT,100882.99,101224.0,-1.4044001385597695,414.0675365621986,0.00031052346457727253
SHORT,101920.89,100351.68,6.375129956663169,420.44266651886176,0.00022121466463431716
SHORT,100944.51,102295.12,-5.6254081556990245,414.81725836316275,5.791543298983015e-05
SHORT,101672.55,101993.52,-1.3095363047039221,413.50772205845885,9.193600999424234e-05
SHORT,101739.95,102290.25,-2.2366169773896214,411.2711050810692,7.734565588179976e-05
SHORT,101962.98,102937.33,-3.930073456422558,407.34103162464663,3.846685285679996e-05
SHORT,102267.4,103035.9,-3.0610104764914454,404.2800211481552,7.591793109895661e-05
SHORT,102205.79,101265.63,3.7188490464448756,407.99887019460004,5.591855733655393e-05
SHORT,101229.54,101768.81,-2.1734915591816684,405.82537863541836,0.00013754246174357831
SHORT,101702.59,102523.08,-3.2740136206617154,402.55136501475664,2.0361669157864526e-05
SHORT,102029.93,102754.76,-2.859761894413209,399.6916031203434,1.4354276572703384e-05
SHORT,102048.0,103448.29,-5.484518608237157,394.20708451210623,4.362698382465169e-05
SHORT,104018.68,102473.48,5.855955747449476,400.0630402595557,1.5208595868898556e-05
SHORT,102261.3,101150.47,4.345749829226931,404.4087900887826,2.2218155208975077e-05
SHORT,101250.38,100239.99,4.035645075285668,408.4444351640683,3.8759557355660945e-05
SHORT,100259.53,99272.12,4.022581391767484,412.46701655583576,6.018977001076564e-05
SHORT,99421.99,98346.3,4.46266107768462,416.9296776335204,0.00015125409117899835
SHORT,98273.16,97509.53,3.2397453153158744,420.16942294883626,0.0007859834586270154
SHORT,97409.03,97994.46,-2.5252256929048706,417.6441972559314,0.0005583452875725925
SHORT,97719.17,96511.33,5.162215020999512,422.80641227693087,0.0008594433311372995
SHORT,95782.01,94348.08,6.329735602293774,429.13614787922467,0.01276683621108532
SHORT,94436.0,93587.99,3.853527730558885,432.98967560978355,0.013832710683345795
SHORT,93619.36,94439.78,-3.794443688397126,429.19523192138644,0.007401714567095041
SHORT,94006.01,95333.01,-6.058570859029953,423.1366610623565,0.009242967702448368
SHORT,95400.0,95800.02,-1.7742466159136854,421.3624144464428,0.0023498099762946367
SHORT,95880.57,95352.71,2.31976472490412,423.68217917134695,0.0009125632350333035
SHORT,94664.51,96150.84,-6.65224521172457,417.0299339596224,0.005964881740510464
SHORT,96589.5,98339.99,-7.557826980127017,409.4721069794954,0.005188450217247009
SHORT,98839.5,98637.06,0.8386680763958705,410.31077505589127,0.0002773455053102225
SHORT,98696.95,99267.45,-2.371727770406121,407.9390472854852,0.00035696025588549674
SHORT,98683.4,100147.6,-6.052733823879302,401.8863134616059,0.0001324904733337462
SHORT,98878.74,99964.0,-4.410969845968303,397.4753436156376,0.0004894653102383018
SHORT,98859.77,97691.2,4.698349614700996,402.1736932303386,0.001697643892839551
SHORT,97896.65,98274.01,-1.5502498285426682,400.6234434017959,0.0010441566118970513
SHORT,98484.17,98200.01,1.1559335645216404,401.77937696631756,0.00013258500257506967
SHORT,98040.0,98110.01,-0.28690916137709055,401.4924678049405,0.00020438760111574084
SHORT,97888.09,98735.36,-3.4751165662451093,398.01735123869537,0.00026749097742140293
SHORT,98292.27,97585.7,2.8611316013429042,400.87848284003826,0.0001734870602376759
SHORT,97634.0,97217.97,1.7081905403439503,402.5866733803822,0.0003966510121244937
SHORT,97024.77,97755.02,-3.030039836590408,399.5566335437918,0.0003637384797912091
SHORT,97835.98,96815.21,4.168767204278935,403.72540074807074,0.0001617093221284449
SHORT,96926.63,96959.99,-0.138953344080526,403.58644740399023,0.0004219539987388998
SHORT,96600.0,97404.01,-3.3590842606343694,400.2273631433559,0.0008490223553963006
SHORT,97267.18,97632.91,-1.5048771180826284,398.72248602527327,0.0002808694844134152
SHORT,97436.0,96506.8,3.802423478125976,402.5249095033993,0.0012704820837825537
SHORT,96441.6,96475.0,-0.13940386697660792,402.38550563642264,0.00027663775836117566
SHORT,95173.78,96400.01,-5.184381439683782,397.2011241967389,0.002681967569515109
SHORT,95831.64,96946.65,-4.621471838430455,392.5796523583084,0.003246414242312312
SHORT,96474.01,96382.14,0.3738446516544314,392.95349700996286,0.0006430577486753464
SHORT,96974.49,97735.32,-3.0829840830314152,389.87051292693144,0.00036738914786837995
SHORT,96852.54,96254.38,2.407835106981906,392.27834803391335,0.0005429174634627998
SHORT,96390.23,96079.68,1.2638422066420292,393.5421902405554,0.0003652554005384445
SHORT,94520.37,95542.0,-4.25362816306645,389.28856207748896,0.013639510609209538
SHORT,95628.91,95816.18,-0.7623434066146703,388.5262186708743,0.01549694687128067
SHORT,95363.45,96986.14,-6.611103203324143,381.91511546755015,0.004334410652518272
SHORT,95981.17,96270.05,-1.149471699045417,380.76564376850473,0.0003130041004624218
SHORT,95868.43,96489.07,-2.465028259547921,378.3006155089568,0.0007535136537626386
SHORT,96424.39,97129.98,-2.768232511473115,375.5323829974837,0.0003852964728139341
SHORT,96428.01,97658.7,-4.792839222039036,370.73954377544464,0.0008326461538672447
SHORT,95536.83,94444.0,4.240828334204924,374.9803721096496,0.0010739859426394105
SHORT,94225.49,95159.77,-3.718066757250114,371.26230535239944,0.002462507924064994
SHORT,95159.1,95671.74,-2.00005998602187,369.26224536637756,0.0029229007195681334
SHORT,95584.0,95870.68,-1.1075085840897108,368.15473678228784,0.000423606630647555
SHORT,95670.54,96401.68,-2.813537524205466,365.3411992580824,0.0006394454976543784
SHORT,97600.6,98587.99,-3.6960248885297835,361.6451743695526,0.0009972056141123176
SHORT,97132.08,95823.53,4.872033965722534,366.51720833527514,0.0022793456446379423
SHORT,95800.58,96529.99,-2.790602279566936,363.7266060557082,0.0007402749033644795
SHORT,94674.44,94949.86,-1.0581270070344535,362.66847904867376,0.0017169382190331817
SHORT,95118.06,91857.29,12.43274407013281,375.10122311880656,0.0016098100459203124
SHORT,91727.1,89841.17,7.712166303267494,382.81338942207407,0.02776002325117588
SHORT,89659.24,88848.86,3.460037298106299,386.27342672018034,0.08749862015247345
SHORT,89239.39,87278.01,8.489849310942544,394.76327603112287,0.11010441929101944
SHORT,87460.0,87947.25,-2.199272881844996,392.5640031492779,0.2120772749185562
SHORT,87834.6,88680.59,-3.7810295831511964,388.78297356612666,0.1353078931570053
SHORT,88258.47,88821.0,-2.4779727783650802,386.30500078776157,0.12654085457324982
SHORT,88987.38,88848.58,0.6025476209024511,386.907548408664,0.06422997266054153
SHORT,88679.25,89098.74,-1.8302347785074102,385.0773136301566,0.01931474544107914
SHORT,89023.15,89149.38,-0.5460187524204548,384.5312948777361,0.015006217174232006
SHORT,89115.98,86716.99,10.35152989507317,394.8828247728093,0.021069856360554695
SHORT,87621.22,88341.59,-3.246493720146656,391.6363310526626,0.12045235186815262
SHORT,87684.33,84148.05,15.794563575668505,407.43089462833115,0.18824933469295502
SHORT,84385.89,84610.86,-1.0861973294887974,406.34469729884233,0.32155120372772217
SHORT,84879.47,84678.24,0.9633512489821687,407.3080485478245,0.3058969974517822
SHORT,84742.39,84971.52,-1.1012964487285,406.20675209909604,0.14748618006706238
SHORT,85226.32,85543.4,-1.5112706609363866,404.6954814381597,0.16599363088607788
SHORT,85320.76,86103.75,-3.713897004800109,400.98158443335956,0.16167861223220825
SHORT,86411.53,87013.46,-2.793178701013323,398.1884057323462,0.057840149849653244
SHORT,86765.56,85672.07,5.018293430991058,403.20669916333725,0.04629506915807724
SHORT,85770.01,83824.11,9.147718601197948,412.3544177645352,0.24733756482601166
SHORT,83943.39,84716.34,-3.7969558676519366,408.55746189688324,0.34166228771209717
SHORT,84552.05,82448.02,10.16672164134282,418.72418353822604,0.2205234318971634
SHORT,80074.41,80805.5,-3.8230074170132715,414.90117612121276,0.2895463705062866
SHORT,80419.19,80616.67,-1.0188449331610387,413.8823311880517,0.15822574496269226
SHORT,80779.61,81501.42,-3.698265013594942,410.18406617445675,0.1937912255525589
SHORT,81512.42,82332.8,-4.128288722236444,406.0557774522203,0.3281077742576599
SHORT,82105.05,83312.51,-5.971570677351224,400.0842067748691,0.2778167426586151
SHORT,83601.62,84675.62,-5.13973817823399,394.9444685966351,0.25492170453071594
SHORT,85197.42,86431.07,-5.718755845942801,389.2257127506923,0.11358381062746048
SHORT,89278.88,90436.46,-5.046657177665644,384.1790555730267,0.09149599075317383
SHORT,89377.36,86074.0,14.199140867639334,398.37819644066604,0.06673373281955719
SHORT,86394.49,86119.99,1.265761449867492,399.64395789053356,0.23293408751487732
SHORT,86408.0,83936.41,11.43130277153343,411.07526066206697,0.2458369880914688
SHORT,84022.73,84202.63,-0.8801480193884389,410.1951126426785,0.32337063550949097
SHORT,84150.95,83893.09,1.2569425745762977,411.4520552172548,0.3023417294025421
SHORT,84042.41,83241.0,3.923516609907547,415.37557182716233,0.2568866014480591
SHORT,84091.16,82985.06,5.463676800248956,420.8392486274113,0.16372281312942505
SHORT,82916.32,82896.7,0.09958071050516978,420.93882933791645,0.34921789169311523
SHORT,83555.37,84738.5,-5.960423096140542,414.97840624177593,0.3031263053417206
SHORT,85220.23,85980.55,-3.7023648238657456,411.27604141791016,0.267787903547287
SHORT,85382.0,86764.24,-6.658103528723731,404.6179378891864,0.22498850524425507
SHORT,86594.09,87276.66,-3.189363914616163,401.42857397457027,0.08453338593244553
SHORT,89569.13,90650.0,-4.844214773012634,396.5843592015576,0.026776880025863647
SHORT,89316.02,89216.53,0.4417592487547599,397.02611845031237,0.08620249480009079
SHORT,89019.12,89688.77,-2.986645343385273,394.0394731069271,0.04648987576365471
SHORT,89240.58,89939.0,-3.083855447906513,390.9556176590206,0.06422673165798187
SHORT,87037.48,86505.07,2.3914833057877325,393.34710096480836,0.04628283903002739
SHORT,87119.31,88715.36,-7.206228337837852,386.1408726269705,0.1844414621591568
SHORT,88263.85,87698.81,2.4719637617115766,388.61283638868207,0.18708942830562592
SHORT,87636.41,88368.52,-3.2464513739040233,385.366385014778,0.1007830798625946
SHORT,88221.21,88541.0,-1.3969012243639913,383.969483790414,0.04835411533713341
SHORT,88453.39,89273.61,-3.5605130565891896,380.40897073382484,0.031931765377521515
SHORT,88455.99,89448.66,-4.269022063721655,376.1399486701032,0.05166441947221756
SHORT,88520.39,87973.73,2.3228621602322144,378.4628108303354,0.12719334661960602
SHORT,87685.99,88589.33,-3.8989192633335783,374.5638915670018,0.16436459124088287
SHORT,88433.19,87181.93,5.299784107778174,379.86367567478,0.07255525887012482
SHORT,86293.47,86829.09,-2.357798127308177,377.5058775474718,0.19605706632137299
SHORT,86745.15,86682.92,0.2708184925586935,377.7766960400305,0.22519603371620178
SHORT,86801.75,86432.08,1.608869766163898,379.3855658061944,0.22211550176143646
SHORT,86444.53,86537.86,-0.40960434230705534,378.97596146388736,0.09709752351045609
SHORT,85792.01,86500.0,-3.127461298048835,375.8485001658385,0.14061681926250458
SHORT,84418.51,83746.79,2.990635045932424,378.83913521177095,0.2628796100616455
SHORT,83516.86,82996.61,2.3598954761221,381.19903068789307,0.3298325836658478
SHORT,83175.73,81292.0,8.633240129995919,389.83227081788897,0.246682271361351
SHORT,81690.53,82430.77,-3.5324711462912126,386.2997996715978,0.3091522455215454
SHORT,82198.12,82498.57,-1.4120003573237052,384.8877993142741,0.28256869316101074
SHORT,82349.35,83238.89,-4.1575688575807614,380.73023045669333,0.32447293400764465
SHORT,82762.76,82601.86,0.7401818653761573,381.4704123220695,0.3022904694080353
SHORT,82531.89,83582.0,-4.8537104225230925,376.6167018995464,0.33803698420524597
SHORT,83170.47,78587.41,20.753242608917926,397.3699445084643,0.298924058675766
SHORT,79304.98,77673.6,8.174283381349065,405.5442278898134,0.33280378580093384
SHORT,77744.13,78947.02,-6.2747514993913205,399.2694763904221,0.33952122926712036
SHORT,79130.66,79801.53,-3.3850079555262385,395.88446843489584,0.3206731975078583
SHORT,80097.75,80421.6,-1.6006340390665699,394.2838343958293,0.255214661359787
SHORT,80411.64,80811.51,-1.9606897317335976,392.32314466409565,0.25473785400390625
SHORT,80940.0,81699.32,-3.6804893773949345,388.6426552867007,0.22627036273479462
SHORT,81460.39,81448.98,0.05443642851234326,388.69709171521305,0.18546083569526672
SHORT,81225.68,81487.27,-1.251811892763305,387.4452798224497,0.166858971118927
SHORT,81386.8,82433.76,-4.984097054594944,382.4611827678548,0.3445160984992981
SHORT,81811.05,82447.79,-2.9767168801231825,379.4844658877316,0.3060830533504486
SHORT,82517.99,80730.3,8.221244662198357,387.7057105499299,0.34164461493492126
SHORT,81068.28,81819.18,-3.591148326471733,384.11456222345817,0.3026115298271179
SHORT,81603.08,82226.98,-2.936765075181121,381.177797148277,0.2591111660003662
SHORT,81813.36,82466.72,-3.0440789321548243,378.1337182161222,0.29033997654914856
SHORT,82888.5,84149.15,-5.75103026196825,372.38268795415394,0.3266785740852356
SHORT,83634.53,82743.46,3.9674885690791206,376.3501765232331,0.2972129285335541
SHORT,82890.01,83675.65,-3.5670854990090235,372.78309102422406,0.303940087556839
SHORT,83305.59,83567.87,-1.173673328690575,371.60941769553347,0.20977437496185303
SHORT,83194.29,83531.06,-1.5042727523406614,370.1051449431928,0.24079012870788574
SHORT,83239.32,83925.09,-3.049123962661968,367.05602098053083,0.2798224091529846
SHORT,82941.79,82112.35,3.670658012590358,370.7266789931212,0.23964086174964905
SHORT,81889.38,82584.38,-3.1463791996009443,367.5802997935202,0.33454257249832153
SHORT,82598.7,83241.99,-2.862765770577242,364.71753402294297,0.22452814877033234
SHORT,84691.76,84497.43,0.8368648660351266,365.5543988889781,0.28778794407844543
SHORT,84547.54,84775.07,-0.9837612351490594,364.570637653829,0.16395249962806702
SHORT,83629.02,84295.1,-2.903695515366103,361.6669421384629,0.2815074026584625
SHORT,84101.66,84499.99,-1.71296016109568,359.9539819773672,0.19346347451210022
SHORT,86485.97,87103.8,-2.5714039940244318,357.3825779833428,0.08416373282670975
SHORT,86841.31,86920.0,-0.3238370662707634,357.05874091707204,0.12705059349536896
SHORT,87058.13,87354.81,-1.2167983306702521,355.8419425864018,0.06288401037454605
SHORT,86383.83,87055.72,-2.767724501268078,353.0742180851337,0.08191726356744766
SHORT,86865.97,87633.34,-3.1190414696570614,349.9551766154766,0.12228626757860184
SHORT,85260.44,84315.36,3.8791218801563376,353.83429849563294,0.1524999588727951
SHORT,82851.95,82543.26,1.3183167035008643,355.1526151991338,0.3206264078617096
SHORT,82343.64,83042.46,-3.014048814862439,352.1385663842713,0.3435424864292145
SHORT,82528.01,82172.36,1.5175221253313087,353.6560885096026,0.3087017238140106
SHORT,81695.99,82184.71,-2.1156338710922418,351.54045463851037,0.34943756461143494
SHORT,82186.95,82174.16,0.054707011451626965,351.595161649962,0.32458382844924927
SHORT,82122.21,82768.74,-2.7680309609489293,348.8271306890131,0.29292961955070496
SHORT,82553.8,83338.48,-3.3156277834460943,345.511502905567,0.22991913557052612
SHORT,82680.34,83350.0,-2.7984310784854296,342.7130718270816,0.33076828718185425
SHORT,82431.32,83100.0,-2.780076515447398,339.9329953116342,0.34531110525131226
SHORT,82796.1,83507.99,-2.9227813874373347,337.0102139241969,0.2959389388561249
SHORT,84549.91,83224.17,5.284309835549985,342.2945237597469,0.2966793179512024
SHORT,83355.64,83687.99,-1.3647736970354218,340.92975006271143,0.27468666434288025
SHORT,83679.99,82149.36,6.236106186658133,347.16585624936954,0.17014141380786896
SHORT,82100.0,82363.99,-1.1163010279083176,346.0495552214612,0.29823943972587585
SHORT,82509.43,83213.09,-2.9511927306628527,343.09836249079837,0.3080938160419464
SHORT,83084.65,83522.84,-1.809507188871155,341.2888553019272,0.14406174421310425
SHORT,82924.0,82680.45,1.0023744719114471,342.2912297738386,0.3225204646587372
SHORT,83335.99,83530.64,-0.7994983664977883,341.4917314073408,0.1671355962753296
SHORT,83212.01,83486.02,-1.1245029332055387,340.3672284741353,0.33218228816986084
SHORT,83511.15,84189.94,-2.766551185272402,337.60067728886287,0.19672664999961853
SHORT,79325.99,78328.71,4.244288705966794,341.84496599482964,0.34468334913253784
SHORT,78319.99,78860.0,-2.356993407262495,339.4879725875671,0.29040324687957764
SHORT,78709.39,75527.89,13.72239048971584,353.210363077283,0.3428451120853424
SHORT,76280.0,76978.32,-3.2335325215538773,349.9768305557291,0.27331966161727905
SHORT,77241.09,77438.14,-0.8928270491911393,349.084003506538,0.283893883228302
SHORT,76942.0,78365.47,-6.458249154836802,342.62575435170123,0.30908045172691345
SHORT,79564.86,79033.11,2.2898456036561496,344.9155999553574,0.20206758379936218
SHORT,77806.03,78942.15,-5.036441409763232,339.8791585455941,0.2048766314983368
SHORT,78479.9,78244.01,1.0215876257400953,340.9007461713342,0.21461015939712524
SHORT,78571.99,79088.82,-2.242373301780088,338.6583728695541,0.3472113013267517
SHORT,78955.26,79605.99,-2.791139728719908,335.86723314083423,0.2982008755207062
SHORT,79314.53,79720.01,-1.717055446132549,334.15017769470165,0.24741484224796295
SHORT,79217.39,79599.91,-1.6135235706677478,332.53665412403393,0.3401356637477875
SHORT,79444.01,77313.45,8.918095823844927,341.45474994787884,0.31279850006103516
SHORT,76854.05,75494.61,6.039854051532007,347.49460399941086,0.3476094901561737
SHORT,76070.53,75819.54,1.1465369132805276,348.64114091269136,0.32419994473457336
SHORT,75720.48,76565.2,-3.8893591872603874,344.751781725431,0.2867942154407501
SHORT,76416.34,77284.56,-3.9169684380284653,340.83481328740254,0.2842393219470978
SHORT,76914.01,77638.35,-3.2098220942660456,337.6249911931365,0.28752759099006653
SHORT,77707.17,76760.86,4.111562747890266,341.7365539410268,0.2630664110183716
SHORT,76958.11,77698.12,-3.286053507315848,338.45050043371094,0.29390665888786316
SHORT,77370.04,77760.99,-1.710186826122398,336.7403136075885,0.24475178122520447
SHORT,77583.95,78267.68,-2.967617073156427,333.7726965344321,0.3181580901145935
SHORT,79739.71,79757.21,-0.07325110900644793,333.69944542542567,0.34873166680336
SHORT,83757.97,84293.06,-2.1318477065846917,331.567597718841,0.29492539167404175
SHORT,83530.86,84204.61,-2.6743848795890295,328.893212839252,0.22558245062828064
SHORT,83414.92,84146.0,-2.8825448737770287,326.01066796547497,0.3292490243911743
SHORT,84248.96,84859.73,-2.363442061163361,323.6472259043116,0.31135275959968567
SHORT,84493.51,85156.0,-2.5376274543375987,321.109598449974,0.1525970995426178
SHORT,84866.93,83804.01,4.021752812131276,325.1313512621053,0.27267521619796753
SHORT,83904.01,84357.99,-1.7591904230319177,323.3721608390734,0.1589815765619278
SHORT,84345.99,84271.99,0.2837069065416315,323.655867745615,0.14736655354499817
SHORT,83746.0,84384.99,-2.4695252660517597,321.1863424795633,0.34058138728141785
SHORT,84295.99,84604.0,-1.1735861379305044,320.0127563416328,0.27059927582740784
SHORT,91872.2,92567.01,-2.420188732105365,317.5925676095274,0.0057527306489646435
SHORT,93965.7,94433.62,-1.5815123415868608,316.01105526794055,0.00359928235411644
SHORT,93032.58,94123.98,-3.7072439108904245,312.3038113570501,0.01230182871222496
SHORT,94084.97,94638.6,-1.837708606184431,310.4661027508657,0.009539924561977386
SHORT,93879.37,94446.93,-1.8769633975737332,308.58913935329196,0.0017395365284755826
SHORT,103762.9,102249.99,4.499369185122863,313.0885085384148,6.4078881223395e-06
SHORT,102530.13,102373.75,0.47752578647114235,313.56603432488595,3.1373627280117944e-05
SHORT,102562.52,103258.44,-2.1276473570206265,311.4383869678653,2.1462441509356722e-05
SHORT,103082.14,104314.44,-3.723103966026521,307.71528300183877,1.4072000340092927e-05
SHORT,103286.35,103704.99,-1.2472308884561103,306.46805211338267,1.5508494470850565e-05
SHORT,102133.49,102492.84,-1.0782877832427074,305.38976433013994,1.7088088497985154e-05
SHORT,103000.0,103846.27,-2.5091475326181434,302.8806167975218,1.5392475688713603e-05
SHORT,102697.31,103477.49,-2.300950235338123,300.57966656218366,2.6049430744023994e-05
SHORT,103668.26,104468.58,-2.3204780203993867,298.2591885417843,1.833128226280678e-05
SHORT,103819.28,103164.9,1.8799480000051374,300.1391365417894,1.1360292774043046e-05
SHORT,103226.29,103294.11,-0.1971923648545949,299.94194417693484,1.898541631817352e-05
SHORT,103478.26,104328.11,-2.4633740580752748,297.4785701188596,9.021314326673746e-06
SHORT,109076.35,109055.92,0.055717735215108935,297.5342878540747,3.5459911487123463e-06
SHORT,109634.99,109499.99,0.3663714372601306,297.9006592913348,3.965828454965958e-06
SHORT,109772.73,108048.74,4.678555025566606,302.5792143169014,7.158383255045919e-07
SHORT,108307.23,108959.76,-1.8229809285881224,300.7562333883133,3.7228349469842215e-07
SHORT,107443.9,108206.0,-2.1332651315266444,298.6229682567867,1.7861489141068887e-06
SHORT,108355.99,109109.11,-2.0755560431273645,296.5474122136593,8.021864346119401e-07
SHORT,107199.99,105731.72,4.061676395034671,300.609088608694,2.239680043203407e-06
SHORT,105872.47,105805.17,0.1910883127914732,300.80017692148544,8.085142326308414e-06
SHORT,105925.06,104723.47,3.412209392065361,304.2123863135508,2.708626880121301e-06
SHORT,104679.2,104033.96,1.8751576258220588,306.08754393937284,1.0753715287137311e-05
SHORT,104453.42,104895.1,-1.2942874097099473,304.79325652966287,5.598826191999251e-06
SHORT,104639.2,101620.32,8.793399283177427,313.5866558128403,1.0849308637261856e-05
SHORT,101542.82,101919.11,-1.1620666307653487,312.42458918207495,0.00010338929860154167
SHORT,101841.2,102459.39,-1.896459947314724,310.52812923476023,1.6567722923355177e-05
SHORT,107723.07,103773.65,11.384803683763845,321.91293291852406,1.1213988955205423e-06
SHORT,103732.86,103986.52,-0.7871800176348488,321.1257529008892,9.62997364695184e-05
SHORT,104090.51,104704.26,-1.893457250261528,319.2322956506277,3.250855297665112e-05
SHORT,104475.0,105396.5,-2.8157220429964434,316.4165736076312,8.011107638594694e-06
SHORT,105119.5,104970.74,0.4477773342707039,316.86435094190193,6.6714324020722415e-06
SHORT,105477.96,105633.32,-0.46671404682394624,316.397636895078,6.188136921991827e-06
SHORT,105612.59,105168.75,1.3296703277470086,317.727307222825,1.008934418678109e-06
SHORT,106231.89,107238.63,-3.011043004821895,314.7162642180031,1.207155037263874e-05
SHORT,105048.56,104414.84,1.89856948976962,316.61483370777273,5.886799044674262e-06
SHORT,104860.01,105058.9,-0.6005294513717763,316.014304256401,7.419808753184043e-06
SHORT,105039.81,104700.0,1.0223249711644211,317.0366292275654,5.647470516123576e-06
SHORT,104822.33,105178.85,-1.0782998150509835,315.95832941251444,2.2039705072529614e-05
SHORT,103940.01,103693.5,0.749344624687619,316.7076740372021,2.7473370209918357e-05
SHORT,103534.49,103826.03,-0.8918086648111581,315.81586537239093,6.117974407970905e-06
SHORT,101827.31,102120.01,-0.9078046331038047,314.9080607392871,4.8471716581843793e-05
SHORT,101981.49,102904.19,-2.8492000621302944,312.0588606771568,7.357141294050962e-05
SHORT,102852.0,99667.17,9.662956687769086,321.7218173649259,3.713252590387128e-05
SHORT,99978.46,99536.0,1.4237970389950727,323.145614403921,0.00015995508874766529
SHORT,99383.44,100334.81,-3.093382993941995,320.052231409979,0.00019400124438107014
SHORT,100318.21,101198.28,-2.8077491344490326,317.24448227553,0.00026124759460799396
SHORT,100904.6,101424.21,-1.633656002156373,315.6108262733736,5.881226388737559e-05
SHORT,101788.2,101277.36,1.583942288924349,317.19476856229795,5.7985893363365903e-05
SHORT,119390.27,120500.35,-2.9492484495230182,314.24552011277495,2.9138478296886205e-09
SHORT,118431.71,118055.48,0.9982849359519727,315.2438050487269,7.98616284214404e-09
SHORT,117688.39,116909.26,2.087002004425551,317.33080705315245,1.3718129743267582e-08
SHORT,116876.0,117495.41,-1.68176422188298,315.64904283126947,2.96716251568796e-08
SHORT,117553.92,118060.0,-1.358896986132402,314.2901458451371,4.5053494268643135e-09
SHORT,118585.37,119135.92,-1.4591381702063257,312.8310076749308,2.2872883587155e-09
SHORT,118559.99,119685.5,-2.969757567019105,309.8612501079117,2.863637771355343e-09
SHORT,118452.5,119412.11,-2.510254779055358,307.35099532885636,4.790086993722298e-09
SHORT,117950.25,117884.96,0.17013059730707672,307.52112592616345,1.339897082175412e-08
SHORT,117905.85,118850.8,-2.464611280474442,305.056514645689,4.8967079280259895e-09
SHORT,117976.93,117647.36,0.8521791127449869,305.90869375843397,3.563936257222622e-09
SHORT,117750.01,117553.75,0.5098737591362278,306.4185675175702,4.176466283922764e-09
SHORT,117709.69,118572.59,-2.246277106930692,304.1722904106395,4.362413541514343e-09
SHORT,117686.65,118728.0,-2.6914676781021485,301.4808227325374,5.0193071921000865e-09
SHORT,117910.65,118480.75,-1.4576649101656394,300.02315782237173,7.3122206067921525e-09
SHORT,117846.21,118755.99,-2.316197258474719,297.706960563897,4.306165646283944e-09
SHORT,115234.01,116102.7,-2.244259828953727,295.46270073494327,3.7032734212516516e-08
SHORT,115350.01,116033.44,-1.7505683229961029,293.71213241194715,6.37947721315868e-08
SHORT,116219.99,115858.18,0.9143692632220116,294.62650167516915,1.541917882263988e-08
SHORT,115783.07,116656.0,-2.221294634071303,292.40520704109787,2.1249730863814875e-08
SHORT,116523.14,117291.77,-1.9288135754666378,290.47639346563125,2.1690594209644587e-08
SHORT,117114.19,117896.23,-1.9396809109627104,288.53671255466855,1.4989685936939168e-08
SHORT,116568.84,115600.0,2.3981186446692297,290.9348311993378,1.0625163859856457e-08
SHORT,115619.94,115306.83,0.7878797117246817,291.72271091106245,4.4014129230163235e-08
SHORT,115201.6,115882.18,-1.7234191416772562,289.9992917693852,2.0349977702949218e-08
SHORT,114985.01,115746.46,-1.9204238945389709,288.0788678748462,2.660041609203745e-08
SHORT,115432.08,113993.56,3.5900523755209512,291.66892025036714,6.200242808063194e-08
SHORT,112634.7,113517.58,-2.286228456334032,289.3826917940331,7.540943158801383e-08
SHORT,112776.01,113640.01,-2.217019787364748,287.1656720066684,1.7365377402711601e-07
SHORT,118712.61,119264.66,-1.3354083380972157,285.83026366857115,3.1209963502476512e-09
SHORT,119531.42,119063.24,1.119538384504666,286.9498020530758,1.723391385155537e-08
SHORT,118799.01,118511.71,0.6939508850271198,287.6437529381029,4.332960656938667e-08
SHORT,117066.66,117740.03,-1.6545331857586913,285.98921975234424,8.937818485321714e-09
SHORT,117586.92,117821.6,-0.5707773457411951,285.41844240660305,5.490887744485917e-09
SHORT,113923.97,113609.71,0.7873285991586945,286.20577100576173,7.223629694408373e-08
SHORT,113153.29,114300.01,-2.9004714023580385,283.3052996034037,6.592927093151957e-08
SHORT,113910.4,114267.27,-0.8875674413351976,282.4177321620685,5.837067007519181e-08
SHORT,113962.0,114276.66,-0.7797824152096121,281.63794974685885,8.489789848908913e-08
SHORT,114094.07,113182.48,2.2502338518534812,283.8881835987123,4.041136847376947e-08
SHORT,113079.32,113351.99,-0.6845441856376603,283.20363941307465,7.092401119734859e-07
SHORT,113451.02,113377.6,0.18327566561946618,283.38691507869413,6.13091870604876e-08
SHORT,113429.81,111833.49,3.9881597287205097,287.37507480741465,9.811018486516332e-08
SHORT,111910.32,110361.96,3.976041448445591,291.35111625586023,2.517718655781209e-07
SHORT,110573.65,109991.42,1.5341210172373658,292.8852372730976,5.144031547388295e-07
SHORT,109839.99,110520.01,-1.8132541622631977,291.07198311083437,4.5196952669357415e-07
SHORT,110216.81,110486.83,-0.7130968214339447,290.3588862894004,4.1651324522717914e-07
SHORT,110882.38,111584.6,-1.8388477694124474,288.52003851998796,1.4285241434208729e-07
SHORT,111169.91,112000.01,-2.1543642877415294,286.3656742322464,1.53649011735979e-07
SHORT,109716.57,108450.01,3.305784243488456,289.6714584757349,6.989579333094298e-07
SHORT,108288.5,108341.09,-0.14067811449265583,289.53078036124225,9.15281987090566e-07
SHORT,108345.12,109188.38,-2.2534446022804238,287.27733575896184,6.867409751976083e-07
SHORT,108703.16,108444.96,0.68236294228211,287.95969870124395,5.00827923133329e-07
SHORT,110996.0,111233.7,-0.6166710546441715,287.3430276465998,1.4322716879178188e-06
SHORT,110965.16,110831.26,0.3467325366077273,287.6897601832075,1.5233659667046595e-07
SHORT,110801.52,111663.66,-2.2384968170504487,285.45126336615704,4.624591838364722e-07
SHORT,115961.73,116046.76,-0.20930975179504516,285.241953614362,1.5082664006627056e-08
SHORT,115807.68,116559.69,-1.852250226734012,283.389703387628,3.994094655013214e-08
SHORT,113010.87,113382.53,-0.9319866058994775,282.45771678172855,1.4800849612583988e-07
SHORT,110720.91,111580.77,-2.1935702330475397,280.264146548681,6.477004603766545e-07
SHORT,111527.92,109760.2,4.442192924758507,284.7063394734395,1.2728540355055884e-07
SHORT,109674.2,109639.13,0.09103919905804085,284.7973786724976,1.112369659495016e-06
SHORT,109560.01,109600.71,-0.10579821334421209,284.6915804591534,6.34064008409041e-07
SHORT,109309.0,109912.14,-1.5708576589131193,283.1207228002403,4.7115284473875363e-07
SHORT,122831.93,122042.94,1.8185777841491086,284.9393005843894,1.5023939869962533e-09
SHORT,122196.47,122821.24,-1.4568467225453452,283.4824538618441,4.890507998567273e-10
SHORT,122599.04,123669.93,-2.4761900665462897,281.0062637952978,4.1842063147612407e-10
SHORT,122856.69,122230.43,1.4324249071372919,282.4386887024351,2.4663307507388765e-10
SHORT,122415.74,120974.0,3.3263954051158087,285.76508410755093,5.433874461502342e-10
SHORT,120762.6,121544.05,-1.8491745372809474,283.91590957027,3.1443587733548384e-09
SHORT,120493.17,116923.96,8.410065928195767,292.32597549846577,2.7972162364164888e-09
SHORT,116661.5,110809.05,14.664847917316232,306.990823415782,3.029559536571469e-08
SHORT,113451.86,113700.0,-0.6714451655741233,306.3193782502079,3.9330017898464575e-05
SHORT,113050.99,114617.32,-4.244078107893143,302.07530014231475,0.0005450186436064541
SHORT,112774.5,111949.01,2.211139393342307,304.28643953565705,5.6431646953569725e-05
SHORT,112180.24,113172.58,-2.6917004760269077,301.5947390596302,3.3375062002960476e-07
SHORT,113196.48,112945.79,0.6679252317285774,302.26266429135876,3.886687238718878e-07
SHORT,112660.4,111242.26,3.804804303358987,306.06746859471775,2.821502675942611e-07
SHORT,111328.38,112197.42,-2.3891919823817647,303.678276612336,4.6330453074006073e-07
SHORT,112027.74,110893.54,3.0745233397881013,306.7527999521241,1.039748340758706e-07
SHORT,110948.38,110708.3,0.6637790674591767,307.4165790195833,3.342341585721442e-07
SHORT,110960.34,111524.87,-1.5640352341559505,305.8525437854274,1.7028200716140418e-07
SHORT,111296.75,112134.48,-2.3021503458579433,303.5503934395694,1.5385076324037072e-07
SHORT,111297.52,112338.1,-2.8380548677575876,300.7123385718118,1.5965348154622916e-07
SHORT,113218.53,113900.01,-1.810034492497982,298.9023040793138,1.4399343228888029e-07
SHORT,113643.33,114521.39,-2.309455003825395,296.5928490754884,1.230415449526845e-07
SHORT,114036.63,114912.79,-2.278765960077722,294.31408311541065,8.398725981351163e-08
SHORT,113031.91,111355.24,4.365737018308472,298.67982013371915,1.0603687883303792e-07
SHORT,111480.83,111670.14,-0.5071999979683813,298.1726201357508,3.4073468668793794e-07
SHORT,111818.85,112137.51,-0.8497287097162483,297.3228914260345,1.3173038837521744e-07
SHORT,112900.43,113260.71,-0.9487961323351528,296.3740952936994,1.2998998499824665e-07
SHORT,112849.06,112992.87,-0.3776864303892832,295.9964088633101,6.499434590523379e-08
SHORT,112746.13,113568.96,-2.1602047458746383,293.83620411743544,2.432069265978498e-07
SHORT,112809.94,112921.42,-0.2903721075909651,293.5458320098445,9.858758431846582e-08
SHORT,112944.85,111186.78,4.569257658773729,298.1150896686182,3.833222450566609e-08
SHORT,110983.0,111299.99,-0.8514772737631593,297.26361239485504,2.4381213847846084e-07
SHORT,111345.82,111437.22,-0.2440135981116114,297.0195987967434,1.6170650951607968e-07
SHORT,111469.63,111352.01,0.3134077435304668,297.3330065402739,8.243100779736778e-08
SHORT,110529.34,109232.43,3.4887944640956814,300.8218010043696,1.3100955129630165e-06
SHORT,108490.59,108673.72,-0.5077813330901022,300.3140196712795,8.238641385105439e-06
SHORT,108800.0,105816.0,8.236553627749062,308.55057329902854,3.6484340171227814e-07
SHORT,106257.17,105835.63,1.224071831279437,309.774645130308,1.4870638551656157e-05
SHORT,105419.59,106091.31,-1.9738439945263464,307.8008011357816,7.766358976368792e-06
SHORT,106114.82,106972.04,-2.4864858909397536,305.31431524484185,5.853210495843086e-06
SHORT,106792.6,107027.92,-0.6727672578756714,304.6415479869662,3.5245686831331113e-06
SHORT,106987.52,107283.61,-0.8431012882947486,303.79844669867146,9.339647135675477e-07
SHORT,108307.93,108499.56,-0.5375127780659085,303.26093392060557,1.858970108514768e-06
SHORT,108329.52,109339.48,-2.827312562840213,300.43362135776533,5.93287950323429e-07
SHORT,108793.4,109744.9,-2.62757291087433,297.806048446891,9.348656817564915e-07
SHORT,109623.55,108783.36,2.2824809435982973,300.08852939048927,1.0601165740808938e-06
SHORT,108177.91,108947.5,-2.1348640525004194,297.95366533798887,1.5957371033437084e-06
SHORT,108402.89,107796.09,1.6678363845012962,299.62150172249017,4.243826879246626e-06
SHORT,107643.01,108410.29,-2.1357038031696844,297.4857979193205,1.339307686976099e-06
SHORT,108902.04,109880.27,-2.672213781290246,294.81358413803025,6.296854735410307e-07
SHORT,113717.01,113200.19,1.3398660108475782,296.1534501488778,1.2248682423887658e-07
SHORT,111750.94,110806.38,2.503197761670949,298.65664791054877,1.5787986740178894e-07
SHORT,111300.32,111329.97,-0.07956104358501379,298.5770868669638,2.9750337944278726e-06
SHORT,111261.29,110918.62,0.9195777826834589,299.49666464964724,3.3743638141459087e-06
SHORT,110973.46,109917.23,2.850567713243339,302.34723236289057,9.942868217649448e-08
SHORT,110248.29,111220.02,-2.6648928169679014,299.6823395459227,4.5280662561708596e-06
SHORT,111274.25,108319.21,7.958474675423788,307.6408142213465,2.205563873758365e-07
SHORT,108285.54,107510.91,2.200735240552695,309.8415494618992,2.659337269506068e-06
SHORT,107550.97,108657.59,-3.188040567793364,306.65350889410587,9.857965324044926e-07
SHORT,108516.41,109769.7,-3.5416373999277524,303.1118714941781,4.838979066335014e-07
SHORT,109850.4,109791.61,0.16222013688744674,303.2740916310656,2.4490108785357734e-07
SHORT,110068.24,110062.44,0.0159809017702205,303.2900725328358,2.8461306555982446e-07
SHORT,109998.84,110415.61,-1.1491230592023605,302.14094947363344,2.3051570963161794e-07
SHORT,109768.2,110790.14,-2.8129268941741365,299.3280225794593,5.853115681020427e-07
SHORT,109716.08,109750.49,-0.09387755429249986,299.2341450251668,5.735134891438065e-07
SHORT,109452.35,110167.4,-1.9548906478503465,297.2792543773165,1.0154839173992514e-06
SHORT,108233.74,107787.42,1.2258809204383538,298.5051352977548,2.1458076844282914e-06
SHORT,108065.85,106678.44,3.832376368329654,302.3375116660845,9.273923637920234e-07
SHORT,106850.01,106733.61,0.3293596917579167,302.6668713578424,1.7713480701786466e-05
SHORT,106471.45,104601.85,5.3147203564018195,307.98159171424425,5.079433776700171e-06
SHORT,104584.76,104500.01,0.2495721164133508,308.2311638306576,3.7294303183443844e-06
SHORT,104084.68,100311.46,11.173824927829056,319.40498875848664,1.3015466720389668e-05
SHORT,100910.17,100761.62,0.4701965231063842,319.875185281593,0.00029550798353739083
SHORT,101105.8,102106.47,-3.165886642069295,316.70929863952375,0.0006897153798490763
SHORT,102223.42,102531.01,-0.9529774406738634,315.7563211988499,0.00025069917319342494
SHORT,102714.98,103367.25,-2.005144484556929,313.75117671429297,9.749551281856839e-06
SHORT,103558.28,104123.06,-1.7111175425537906,312.0400591717392,5.755402980867075e-06
SHORT,103635.82,104090.71,-1.3696413317001008,310.6704178400391,1.0708032277761959e-05
SHORT,103432.06,103653.58,-0.665361503579512,310.0050563364596,9.199084161082283e-06
SHORT,103636.03,103496.81,0.416446905030637,310.4215032414902,9.656886504672002e-06
SHORT,103293.94,101432.12,5.595187512114184,316.0166907536044,1.571617576701101e-05
SHORT,101350.0,101415.05,-0.20283064364600775,315.8138601099584,0.00021427639876492321
SHORT,101414.74,101905.11,-1.527052601841888,314.2868075081165,2.0499868696788326e-05
SHORT,102331.16,102433.43,-0.31409896852387637,313.97270853959265,3.5378510801820084e-05
SHORT,102407.99,100793.33,4.950386913858393,318.923095453451,2.0673300241469406e-05
SHORT,100806.08,101532.87,-2.2993664325069494,316.6237290209441,3.735546488314867e-05
SHORT,101413.1,102338.0,-2.887647522573229,313.7360814983709,7.529817230533808e-05
SHORT,105005.28,103343.2,4.965983294714421,318.7020647930853,3.4691713608481223e-06
SHORT,103990.4,101894.32,6.4239105145425865,325.12597530762787,9.86602663033409e-06
SHORT,101715.78,102398.65,-2.1827367863503397,322.9432385212775,3.5303117329021916e-05
SHORT,101998.25,102124.07,-0.39836681777137806,322.54487170350615,3.3004351280396804e-05
SHORT,102427.43,103135.84,-2.2307892774765596,320.3140824260296,6.433077214751393e-05
SHORT,103188.18,102873.14,0.977939028748196,321.2920214547778,1.3691823369299527e-05
SHORT,102845.7,99301.61,11.07180796394665,332.36382941872444,5.430060264188796e-05
SHORT,99507.82,100420.4,-3.0480879136025107,329.31574150512193,0.0001784811756806448
SHORT,99692.02,99821.44,-0.42751709981994523,328.88822440530197,0.00016427502851001918
SHORT,99620.0,97569.13,6.770798963923932,335.6590233692259,6.277266220422462e-05
SHORT,97383.98,96425.39,3.3040278617849115,338.9630512310108,0.0008548548794351518
SHORT,96542.38,96974.13,-1.5158865709441625,337.4471646600666,0.0032530694734305143
SHORT,97111.96,95282.98,6.355387278971289,343.8025519390379,0.00091523741139099
SHORT,95382.01,95214.33,0.6043992143710921,344.406951153409,0.0026909192092716694
SHORT,95365.25,95880.0,-1.8589945300433643,342.5479566233656,0.0024487588088959455
SHORT,96133.99,96450.27,-1.1269798301395475,341.4209767932261,0.0005384578253142536
SHORT,96048.0,95731.63,1.1245976431375124,342.5455744363636,0.0004151576431468129
SHORT,95963.88,96629.75,-2.376840345033357,340.16873409133024,0.0004873774596489966
SHORT,94573.46,95184.0,-2.1960349014630474,337.97269918986717,0.004085255786776543
SHORT,94828.12,94183.36,2.297960536702168,340.27065972656936,0.003058100352063775
SHORT,93818.94,94723.65,-3.281280608811193,336.9893791177582,0.0036240778863430023
SHORT,94700.82,95433.01,-2.6054711405479716,334.3839079772102,0.0018177148886024952
SHORT,95341.92,95751.56,-1.436692527943465,332.9472154492667,0.0007749234209768474
SHORT,94934.59,95145.38,-0.739266304774199,332.2079491444925,0.0008615197730250657
SHORT,94769.32,94306.0,1.6241394050060665,333.83208854949856,0.006239633075892925
SHORT,93906.63,92138.04,6.287224804976579,340.11931335447514,0.007251523435115814
SHORT,91783.31,92169.86,-1.4324294970095637,338.6868838574656,0.011686867102980614
SHORT,91945.25,90842.72,4.061247862824577,342.7481317202902,0.013950193300843239
SHORT,90295.93,90155.29,0.5338457364040804,343.2819774566943,0.051777321845293045
SHORT,90470.01,91358.94,-3.3729812588788395,339.90899619781544,0.018184782937169075
SHORT,91220.0,91807.95,-2.190851724561557,337.71814447325386,0.012334764003753662
SHORT,91518.54,92037.89,-1.9164851005292036,335.80165937272466,0.007815159857273102
SHORT,92801.62,93733.14,-3.3706950561733993,332.43096431655124,0.005878356751054525
SHORT,92792.81,93246.88,-1.6267093104219819,330.80425500612927,0.0023255134001374245
SHORT,92840.83,92736.35,0.37227616947241,331.17653117560167,0.004027337301522493
SHORT,92612.33,91320.0,4.621300063762167,335.79783123936386,0.005822238977998495
SHORT,91270.65,92035.89,-2.8154278771720427,332.9824033621918,0.01055392436683178
SHORT,91235.13,89396.23,6.711464559131344,339.69386792132315,0.03039531223475933
SHORT,89196.47,90118.0,-3.5095345152732795,336.18433340604986,0.0634288489818573
SHORT,90510.49,91327.03,-3.032885531824787,333.1514478742251,0.018411537632346153
SHORT,91391.08,92232.72,-3.0680629289955132,330.08338494522957,0.009535766206681728
SHORT,91819.28,91452.53,1.3184385831457444,331.4018235283753,0.003943595103919506
SHORT,91026.0,87698.62,12.114119038207253,343.51594256658257,0.03430316969752312
SHORT,86960.28,87056.71,-0.3809238234018779,343.1350187431807,0.214527890086174
SHORT,86591.45,87154.64,-2.231747028210903,340.9032717149698,0.21626660227775574
SHORT,87595.92,88131.31,-2.0836153401149047,338.81965637485484,0.14654816687107086
SHORT,88131.01,86205.38,7.403084282196546,346.2227406570514,0.11893081665039062
SHORT,86208.42,82703.61,14.075712368725037,360.29845302577644,0.10340647399425507
SHORT,80945.66,83010.37,-9.19026194791473,351.1081910778617,0.3436427414417267
SHORT,83285.35,84155.86,-3.6698313858942604,347.43835969196743,0.3053896129131317
SHORT,84115.28,84916.47,-3.3093171585663086,344.1290425334011,0.2720308005809784
SHORT,84850.0,84919.59,-0.28223853942131033,343.8468039939798,0.25313282012939453
SHORT,85128.68,84529.65,2.4195670718318776,346.26637106581165,0.26695623993873596
SHORT,84577.11,84248.86,1.3438853172253453,347.610256383037,0.27122050523757935
SHORT,84571.2,85260.26,-2.832220936480679,344.7780354465563,0.30189624428749084
SHORT,85182.14,85032.63,0.6051475588616674,345.383183005418,0.2331010103225708
SHORT,85252.93,84636.1,2.498948819392236,347.88213182481024,0.1868184506893158
SHORT,84636.0,84454.06,0.7478339603030241,348.62996578511326,0.14268413186073303
SHORT,84581.7,84828.0,-1.0152025860543696,347.61476319905887,0.16986478865146637
SHORT,84694.66,85072.88,-1.5523393769707456,346.06242382208814,0.13502289354801178
SHORT,85187.01,85890.72,-2.8587408839427964,343.20368293814533,0.062034040689468384
SHORT,85522.67,86225.0,-2.8184602122214897,340.3852227259238,0.12588247656822205
SHORT,85943.63,86513.5,-2.2570064456763155,338.1282162802475,0.15506869554519653
SHORT,86064.27,86534.78,-1.8485337416098238,336.2796825386377,0.12271415442228317
SHORT,86086.82,86887.59,-3.12803610804142,333.15164643059626,0.17847029864788055
SHORT,87079.13,87466.82,-1.4832435947014981,331.66840283589477,0.06892078369855881
SHORT,86949.89,87103.74,-0.5868573701048269,331.08154546578993,0.1000017374753952
SHORT,87054.0,87339.6,-1.0861866127349946,329.99535885305494,0.10776061564683914
SHORT,87119.92,87635.58,-1.9532318985849266,328.04212695447,0.09099313616752625
SHORT,86899.73,87564.07,-2.507850215655855,325.5342767388141,0.07327337563037872
SHORT,90480.01,90985.67,-1.8192931496774645,323.71498358913664,0.03730561211705208
SHORT,88920.0,86465.46,8.935800447805669,332.6507840369423,0.08222094178199768
SHORT,86550.3,86084.0,1.7921955278771733,334.4429795648195,0.090582475066185
SHORT,85994.0,84677.87,5.1186180279396964,339.5615975927592,0.17448103427886963
SHORT,84558.0,85201.26,-2.5831546780614025,336.9784429146978,0.2959667146205902
SHORT,84920.3,85543.02,-2.4710607001134295,334.50738221458437,0.2857816517353058
SHORT,85266.52,86170.19,-3.545169734684279,330.9622124799001,0.23477856814861298
SHORT,86441.2,86974.0,-2.0399608845005903,328.9222515953995,0.09389593452215195
SHORT,86976.99,87272.44,-1.1173079136661306,327.80494368173333,0.06340032815933228
SHORT,87083.99,88343.06,-4.739440285652444,323.0655033960809,0.04495416581630707
SHORT,91894.01,92649.5,-2.6560246653803112,320.4094787307006,0.01654111035168171
SHORT,91979.99,91975.44,0.01584978567866362,320.42532851637924,0.0062374272383749485
SHORT,92000.01,91037.59,3.35199686033438,323.77732537671363,0.015280337072908878
SHORT,91228.99,89336.13,6.717877158483987,330.4952025351976,0.014850047416985035
SHORT,89606.96,89629.26,-0.08224855543063884,330.412953979767,0.0874754935503006
SHORT,89674.68,89764.18,-0.3297693326721585,330.0831846470948,0.0189390629529953
SHORT,88236.09,88918.54,-2.552983358197411,327.5302012888974,0.0700039491057396
SHORT,89554.52,90723.91,-4.276842107860331,323.25335918103707,0.04121209681034088
SHORT,89374.19,90075.48,-2.5364632480593,320.71689593297776,0.03678293898701668
SHORT,89597.03,90395.31,-2.8574818125709847,317.85941412040677,0.05299696326255798
SHORT,90239.16,90418.27,-0.6308990427560062,317.22851507765074,0.033082615584135056
SHORT,89921.68,90605.89,-2.413777437224068,314.8147376404267,0.03007858619093895
SHORT,90440.49,90476.5,-0.1253473825985484,314.68939025782817,0.005995949264615774
SHORT,92000.01,90436.55,5.347871963193254,320.0372622210214,0.0031567991245537996
SHORT,90113.0,90251.23,-0.4909252910990674,319.54633692992235,0.02133486047387123
SHORT,89806.84,90325.54,-1.8456131511313514,317.700723778791,0.046249616891145706
SHORT,90351.83,91169.65,-2.875669545605989,314.82505423318497,0.013303479179739952
SHORT,90710.5,91573.46,-2.9950383781488643,311.8300158550361,0.024406787008047104
SHORT,90842.7,90345.93,1.7052310970095366,313.5352469520456,0.03454210236668587
SHORT,89840.25,90540.86,-2.4450725523033796,311.09017439974224,0.09592252969741821
SHORT,90438.09,89591.04,2.9136941329179056,314.00386853266014,0.04596845805644989
SHORT,88836.98,88706.32,0.4618318346984992,314.46570036735864,0.03236405923962593
SHORT,89078.19,89753.42,-2.383711151506894,312.08198921585176,0.012516340240836143
SHORT,88050.01,86243.78,6.401951020577325,318.4839402364291,0.10062244534492493
SHORT,86045.29,86416.5,-1.373979022618976,317.1099612138101,0.153757706284523
SHORT,85896.35,87143.63,-4.604676594788505,312.5052846190216,0.10655920952558517
SHORT,86980.01,87105.67,-0.4514763112263036,312.0538083077953,0.05203409492969513
SHORT,87297.99,87977.43,-2.4287138743588854,309.6250944334364,0.0596591979265213
SHORT,87530.54,87906.41,-1.3295791873864726,308.29551524604994,0.0634751096367836
SHORT,87333.12,87147.88,0.6539175658006423,308.9494328118506,0.09839072078466415
SHORT,87233.44,86251.63,3.4772174825273416,312.42665029437796,0.17710861563682556
SHORT,86164.73,86698.02,-1.9336683157423225,310.49298197863567,0.09692972898483276
SHORT,86699.64,87029.39,-1.1809167928200703,309.3120651858156,0.049502357840538025
SHORT,86381.18,86723.23,-1.2248060503087552,308.0872591355068,0.13349363207817078
SHORT,86397.42,85151.46,4.443007689262885,312.5302668247697,0.22785857319831848
SHORT,84979.26,85460.9,-1.7713390033460137,310.7589278214237,0.29605501890182495
SHORT,85315.86,86361.99,-3.8104783467204015,306.9484494747033,0.27488991618156433
SHORT,87117.72,87658.01,-1.903644606019125,305.0448048686842,0.11803340911865234
SHORT,88715.89,88737.8,-0.07533635377691611,304.9694685149073,0.032331544905900955
SHORT,87206.32,87888.07,-2.3841498547357243,302.5853186601716,0.07107961922883987
SHORT,86874.0,87778.63,-3.1508593689659827,299.4344592912056,0.10004135221242905
SHORT,87852.73,88120.29,-0.9119430201879228,298.52251627101765,0.04900187999010086
SHORT,87975.01,87510.98,1.5745767261093717,300.09709299712705,0.0628286600112915
SHORT,87283.23,87984.13,-2.4098335096179446,297.6872594875091,0.06249387562274933
SHORT,87380.43,87481.27,-0.3435412625770278,297.34371822493205,0.12183354794979095
SHORT,88232.85,87619.24,2.0678588410098966,299.41157706594197,0.08260945230722427
SHORT,88092.24,87886.52,0.6992097105716261,300.1107867765136,0.02178763970732689
SHORT,92850.61,92424.97,1.375749230764938,301.4865360072785,0.011625045910477638
SHORT,92500.0,93520.42,-3.3258690926761796,298.16066691460236,0.002445779973641038
SHORT,92709.52,91518.0,3.8320163651164383,301.9926832797188,0.004123555030673742
SHORT,89429.49,90328.77,-3.036760918795162,298.95592236092364,0.015010482631623745
SHORT,90584.67,91206.0,-2.0505708442776722,296.90535151664596,0.010273468680679798
SHORT,91366.39,91275.23,0.29623466401877646,297.2015861806647,0.003389006946235895
SHORT,91133.76,90942.9,0.6224246068464848,297.8240107875112,0.053534623235464096
SHORT,90560.01,91320.0,-2.4993732880374377,295.3246374994738,0.027377979829907417
SHORT,95505.35,95250.02,0.7895394309611095,296.1141769304349,0.0008364975219592452
SHORT,92448.61,93153.63,-2.2581888145154116,293.8559881159195,0.01868593692779541
SHORT,91127.82,88851.18,7.341383748499971,301.1973718644195,0.018005166202783585
SHORT,88936.01,89928.79,-3.3622233203351066,297.8351485440844,0.06972550600767136
SHORT,89578.8,90344.43,-2.5455970026368324,295.28955154144757,0.019233526661992073
SHORT,90013.52,88015.67,6.553951345832048,301.8435028872796,0.029808467254042625
SHORT,88124.56,89646.66,-5.213484138187275,296.63001874909236,0.1665065437555313
SHORT,90039.21,90135.07,-0.3158063425621821,296.3142124065302,0.033340826630592346
SHORT,89992.84,89550.01,1.4580806948639875,297.7722931013942,0.01185288093984127
SHORT,89474.03,89939.38,-1.5486989531457873,296.2235941482484,0.012407221831381321
SHORT,88979.61,89761.61,-2.6033700375167803,293.62022411073167,0.04179896041750908
SHORT,89575.45,90269.66,-2.275557597309463,291.3446665134222,0.03262050077319145
SHORT,89422.27,87051.28,7.724868658072108,299.06953517149435,0.022296562790870667
SHORT,86843.23,87649.99,-2.7783091231746844,296.2912260483197,0.08548428118228912
SHORT,87686.83,87962.51,-0.9315146322087197,295.35971141611094,0.04379776492714882
SHORT,88200.01,88721.46,-1.746205261404547,293.6135061547064,0.011915476992726326
SHORT,87476.6,88082.84,-2.0348327663766748,291.5786733883297,0.11299315094947815
SHORT,88009.43,88462.78,-1.5019662277167507,290.07670716061295,0.028480608016252518
SHORT,88016.25,88285.05,-0.8858888998880671,289.1908182607249,0.08085626363754272
SHORT,88690.26,85270.0,11.15238345297921,300.3432017137041,0.023310644552111626
SHORT,85236.58,84166.57,3.7703322829902275,304.11353399669434,0.336625337600708
SHORT,84000.42,84687.4,-2.4871294165558804,301.62640458013846,0.34267592430114746
SHORT,84650.16,82164.88,8.85557771863542,310.48198229877386,0.09988251328468323
SHORT,82938.92,82946.04,-0.026653731613165577,310.4553285671607,0.34989896416664124
SHORT,82485.65,83151.36,-2.505565716951348,307.9497628502093,0.3399809002876282
SHORT,82933.28,83650.86,-2.6645345611080704,305.2852282891012,0.25349611043930054
SHORT,83098.0,83266.4,-0.618667506364571,304.66656078273667,0.24080096185207367
SHORT,83071.61,83385.68,-1.151857135609039,303.51470364712765,0.34830978512763977
SHORT,83158.85,83134.78,0.0878511296968212,303.6025547768245,0.32903188467025757
SHORT,83931.13,78226.24,20.636195160493557,324.23874993731806,0.21422362327575684
SHORT,78975.17,79337.87,-1.4890932758013091,322.7496566615168,0.20456257462501526
SHORT,78900.01,78863.0,0.1513937044246379,322.90105036594144,0.3486157953739166
SHORT,78604.02,77593.4,4.151572139959631,327.05262250590107,0.3473506271839142
SHORT,77745.32,77416.62,1.3827481450676775,328.43537065096876,0.27567312121391296
SHORT,76991.87,77491.44,-2.1310881021088055,326.30428254885993,0.3499752879142761
SHORT,77196.21,77320.57,-0.5256631197020707,325.77861942915786,0.34395328164100647
SHORT,77541.03,77773.57,-0.9769867663875335,324.8016326627703,0.30274057388305664
SHORT,77710.65,76292.98,5.925333665038607,330.7269663278089,0.32354626059532166
SHORT,75526.74,76481.93,-4.182718477808747,326.54424785000015,0.310908704996109
SHORT,76171.91,75703.59,2.0076587570551134,328.5519066070553,0.27608436346054077
SHORT,76507.83,77360.64,-3.6622702731676524,324.8896363338876,0.23546874523162842
SHORT,77437.28,78175.43,-3.096922891143104,321.7927134427445,0.1774529069662094
SHORT,77854.46,78504.04,-2.684882931538354,319.10783051120615,0.15631207823753357
SHORT,77844.79,78622.0,-3.1860038025873902,315.92182670861877,0.28983500599861145
SHORT,78430.36,78765.35,-1.3493582425112158,314.5724684661075,0.34170275926589966
SHORT,78527.78,78560.01,-0.12910935033005405,314.44335911577747,0.311689555644989
SHORT,78488.66,78132.33,1.4275387317572477,315.8708978475347,0.3437144458293915
SHORT,74582.3,75662.44,-4.574608071902236,311.2962897756325,0.15717501938343048
SHORT,76388.64,76056.0,1.3555627882754007,312.6518525639079,0.27823540568351746
SHORT,75910.88,76535.62,-2.5730978006153062,310.0787547632926,0.22643062472343445
SHORT,76471.1,76638.0,-0.6767542793289494,309.4020004839636,0.23367860913276672
SHORT,76390.12,73416.02,12.045962090900558,321.44796257486416,0.28230541944503784
SHORT,74002.0,73923.29,0.3418984505049793,321.78986102536913,0.2543712854385376
SHORT,73535.6,73510.02,0.11193741051993195,321.9017984358891,0.24307602643966675
SHORT,72792.83,73380.95,-2.6007628182076954,319.3010356176814,0.2547670006752014
SHORT,73383.5,72588.0,3.461322692892317,322.76235831057375,0.22097265720367432
SHORT,71454.44,71019.55,1.9644142758054706,324.72677258637924,0.2217889279127121
SHORT,70732.72,71098.99,-1.6815085719199616,323.0452640144593,0.1690605729818344
SHORT,71416.83,71344.77,0.3259545645596567,323.37121857901894,0.11226221174001694
SHORT,71252.73,71823.45,-2.59013825670143,320.7810803223175,0.1179322674870491
SHORT,71736.95,70129.13,7.189575756480108,327.9706560787976,0.12612222135066986
SHORT,70436.0,67519.99,13.577797047423648,341.54845312622126,0.07719112932682037
SHORT,67489.07,68175.28,-3.4727692057356885,338.0756839204856,0.1564871072769165
SHORT,67873.52,66347.0,7.603543959681248,345.6792278801668,0.15089178085327148
SHORT,66300.03,63969.92,12.148872718094639,357.82810059826147,0.09820549190044403
SHORT,63696.29,64099.37,-2.2643917061597807,355.5637088921017,0.07418632507324219
SHORT,64035.93,64581.12,-3.0272032974438665,352.53650559465785,0.06214091554284096
SHORT,64409.83,61373.3,16.61994256673787,369.1564481613957,0.05231749638915062
SHORT,62965.51,63509.39,-3.1886791519042377,365.96776900949146,0.08643876016139984
SHORT,64325.16,64731.0,-2.3089621444363297,363.6588068650551,0.08188232034444809
SHORT,65714.96,65189.82,2.9060625744444835,366.5648694394996,0.08572680503129959
SHORT,64990.1,64911.47,0.44349825102633567,367.0083676905259,0.06832621246576309
SHORT,64769.63,65526.06,-4.286208514270395,362.7221591762555,0.041189830750226974
SHORT,65466.12,65978.41,-2.8383984712154264,359.88376070504006,0.039871782064437866
SHORT,66408.11,65631.89,4.206549060566072,364.09030976560615,0.03014042228460312
SHORT,65867.64,66322.23,-2.5127940505587643,361.5775157150474,0.025826629251241684
SHORT,66631.32,67037.01,-2.201492966827496,359.3760227482199,0.013018547557294369
SHORT,66935.99,68300.0,-7.3233022890794714,352.0527204591404,0.0203335452824831
SHORT,68194.89,68809.87,-3.174803596397908,348.8779168627425,0.03948597237467766
SHORT,68626.0,69290.0,-3.3756147348943957,345.5023021278481,0.051914822310209274
SHORT,68769.65,68476.92,1.4706907611407471,346.97299288898887,0.17965789139270782
SHORT,68087.14,68753.4,-3.395270035460656,343.5777228535282,0.17455461621284485
SHORT,68464.24,68849.66,-1.9341736056984906,341.6435492478297,0.11525637656450272
SHORT,69024.98,69268.53,-1.2054662879918157,340.43808295983786,0.07462647557258606
SHORT,68957.16,69303.49,-1.7098140537035165,338.72826890613436,0.06659993529319763
SHORT,69050.43,69631.18,-2.848880769710448,335.8793881364239,0.06605163216590881
SHORT,69075.56,69512.13,-2.12281832356799,333.75656981285596,0.051148220896720886
SHORT,69807.99,69182.59,2.9900783386108656,336.74664815146684,0.131648987531662
SHORT,69042.5,69176.47,-0.6534228692885139,336.0932252821783,0.09835877269506454
SHORT,69272.0,69542.29,-1.3113904299214354,334.78183485225685,0.06459121406078339
SHORT,69563.37,69942.02,-1.8222973062807184,332.9595375459761,0.09392732381820679
SHORT,70011.42,70645.28,-3.0145043832690965,329.94503316270703,0.09690915048122406
SHORT,69987.99,70366.01,-1.7821032070811447,328.1629299556259,0.07362806797027588
SHORT,70051.69,69133.82,4.2998378557086605,332.4627678113346,0.07461222261190414
SHORT,69225.14,69224.17,0.0046585515721222735,332.4674263629067,0.03146161139011383
SHORT,69286.4,69882.28,-2.8593012484575615,329.60812511444914,0.09026060998439789
SHORT,69584.7,69186.76,1.8849582926713162,331.4930834071205,0.05153723061084747
SHORT,69068.81,67053.03,9.67465818030462,341.1677415874251,0.03454865142703056
SHORT,67094.16,67454.49,-1.83224549388794,339.33549609353713,0.029239319264888763
